mutational_propensity	cancer_type	chr_pos_ref_alt	rsid	Beta_value	P	cytoband
MP6	BRCA	10:98887698:A:C	rs2817706:98887698:A:C	-0.54612535805951	2.59423003660792E-08	10q24.1
MP6	BRCA	10:98895834:G:C	rs2817711	-0.507405728344176	2.60848472468784E-08	10q24.1
MP6	BRCA	10:98896005:G:A	rs2817712:98896005:G:A	-0.518770617432047	4.70077718583357E-08	10q24.1
MP6	BRCA	10:98898413:T:TC	rs5787220:98898413:T:TC	-0.525169390685333	2.44591421504279E-08	10q24.1
MP2	BRCA	4:103392632:A:G	rs28844321:103392632:A:G	1.22061227524384	3.47591792881661E-08	4q24
MP2	BRCA	4:103394940:T:C	rs28804983:103394940:T:C	1.22061227524384	3.47591792881661E-08	4q24
MP2	BRCA	4:103399601:C:T	rs80172929:103399601:C:T	1.22061227524384	3.47591792881661E-08	4q24
MP2	BRCA	4:103407962:G:A	rs10024808:103407962:G:A	1.22061227524384	3.47591792881661E-08	4q24
MP2	BRCA	4:103410328:A:G	rs28826294:103410328:A:G	1.22061227524384	3.47591792881661E-08	4q24
MP2	BRCA	4:103411101:T:G	rs28782795:103411101:T:G	1.22280790936811	3.4397199854218E-08	4q24
MP2	BRCA	4:103411878:A:C	rs28502244:103411878:A:C	1.22061227524384	3.47591792881661E-08	4q24
MP2	BRCA	4:103412148:G:A	rs28865076:103412148:G:A	1.22061227524384	3.47591792881661E-08	4q24
MP2	BRCA	4:103412735:C:A	rs28833207:103412735:C:A	1.22061227524384	3.47591792881661E-08	4q24
MP2	BRCA	4:103412809:G:GT	rs150852812:103412809:G:GT	1.25798253704571	2.11781497656683E-08	4q24
MP3	GBM	20:49796051:C:T	rs6067668	-0.593025006562898	3.92478656979896E-08	20q13.13
MP4	KIRC	13:23222021:C:G	rs9510267	0.657851572678363	3.4941403002953E-08	13q12.11
MP4	KIRC	13:39003079:T:C	rs1933363	-0.607622992547005	3.82386305461816E-08	13q13.3
MP3	KIRC	3:71326443:A:G	rs13087925:71326443:A:G	-1.12676834883081	2.96132739294855E-08	3p13
MP3	KIRC	3:71327991:C:G	rs12487457:71327991:C:G	-1.12676834883081	2.96132739294855E-08	3p13
MP5	LIHC	3:55109234:CTACTTACT:C	rs71758712:55109234:CTACTTACT:C	1.09603584739043	2.9481970017984E-08	3p14.3
MP4	LUAD	13:61763189:T:C	rs9539056:61763189:T:C	-0.743569653816582	3.19418410261624E-08	13q21.2
MP4	LUAD	17:42866196:T:C	rs11867421:42866196:T:C	-0.591075164160725	4.22566796625095E-08	17q21.31
MP4	LUAD	9:94973193:GA:G	rs35288957:94973193:GA:G	-0.644940783568725	2.9441595436485E-08	9q22.31
MP3	OV	12:30980198:C:T	rs1564871	0.660169471172779	3.48869988234432E-08	12p11.21
MP6	PRAD	12:94882444:C:T	rs960528	-0.889424321230349	3.61981475108657E-08	12q22
MP1	THCA	5:63490739:G:T	rs2934803:63490739:G:T	-0.805768801481041	4.82501474051397E-09	5q12.3
MP1	THCA	5:63534037:T:A	rs11749067:63534037:T:A	-0.805768801481041	4.82501474051397E-09	5q12.3
MP1	THCA	5:63640189:C:T	rs6449716:63640189:C:T	-0.805768801481041	4.82501474051397E-09	5q12.3
MP1	THCA	5:63649345:G:A	rs10041602:63649345:G:A	-0.805768801481041	4.82501474051397E-09	5q12.3
MP1	THCA	5:63650110:C:A	rs6449720:63650110:C:A	-0.805768801481041	4.82501474051397E-09	5q12.3
MP1	THCA	5:63666279:C:A	rs9291808:63666279:C:A	-0.805768801481041	4.82501474051397E-09	5q12.3
MP1	THCA	5:63666280:T:G	rs9291809:63666280:T:G	-0.805768801481041	4.82501474051397E-09	5q12.3
MP2	pan-cancer	1:92041515:C:A	rs10493852	0.621858202644969	1.24109553559836E-08	1p22.1
MP2	pan-cancer	1:92050101:A:C	rs11800345	0.625791111093372	9.20781595608369E-09	1p22.1
MP2	pan-cancer	1:92068967:A:G	rs1192404	0.625116279667017	2.39765389607387E-09	1p22.1
MP2	pan-cancer	1:92069892:T:C	rs1192408:92069892:T:C	0.637477853311718	1.68297357194599E-09	1p22.1
MP2	pan-cancer	1:92072897:A:G	rs1192413:92072897:A:G	-0.566182809801862	3.73063132555045E-08	1p22.1
MP2	pan-cancer	1:92074924:G:GT	rs11423709:92074924:G:GT	-0.562720170112077	4.23657357837376E-08	1p22.1
MP2	pan-cancer	1:92077097:G:A	rs1192415:92077097:G:A	-0.555023563866283	3.75996429276992E-08	1p22.1
MP2	pan-cancer	1:92080059:A:G	rs1192419	-0.553012256312874	3.37955919478713E-08	1p22.1
MP2	pan-cancer	10:43252838:G:C	rs610866:43252838:G:C	-0.419160751331096	4.20152105333515E-08	10q11.21
MP2	pan-cancer	10:43253587:A:G	rs624804	-0.425352662234765	2.86378223023349E-08	10q11.21
MP2	pan-cancer	10:43254809:G:A	rs2473111:43254809:G:A	-0.425352662234763	2.87332901785794E-08	10q11.21
MP2	pan-cancer	10:95135105:C:A	rs10786093	0.874725422964554	3.34541464996474E-08	10q23.33
MP2	pan-cancer	10:98898405:T:TG	rs112719864:98898405:T:TG	0.536506288400659	1.7290244823331E-08	10q24.1
MP6	pan-cancer	10:98860760:C:A	rs1490691	-0.484408965765755	3.81702530135257E-08	10q24.1
MP6	pan-cancer	10:98887698:A:C	rs2817706:98887698:A:C	-0.546125358059538	7.20779565773146E-09	10q24.1
MP6	pan-cancer	10:98888683:C:CA	rs56959083:98888683:C:CA	-0.482377919895124	4.56782460599465E-08	10q24.1
MP6	pan-cancer	10:98889455:C:G	rs2636773	-0.497952052208678	4.54810770346105E-08	10q24.1
MP6	pan-cancer	10:98889989:A:G	rs2065862:98889989:A:G	-0.50085706403339	3.71221615863528E-08	10q24.1
MP6	pan-cancer	10:98891339:A:G	rs2784934	-0.507782031467102	2.37595056209841E-08	10q24.1
MP6	pan-cancer	10:98895834:G:C	rs2817711	-0.507405728344194	7.22501679642868E-09	10q24.1
MP6	pan-cancer	10:98896005:G:A	rs2817712:98896005:G:A	-0.518770617432099	1.17020620972197E-08	10q24.1
MP6	pan-cancer	10:98896779:C:A	rs2817713:98896779:C:A	-0.475004797851282	4.96506160098977E-08	10q24.1
MP6	pan-cancer	10:98896920:C:T	rs2636774	-0.494190345895335	3.25787946765037E-08	10q24.1
MP6	pan-cancer	10:98898413:T:TC	rs5787220:98898413:T:TC	-0.525169390685358	5.28338028630951E-09	10q24.1
MP2	pan-cancer	11:4912747:A:G	rs4910692:4912747:A:G	-0.44962971273721	1.28484959455621E-08	11p15.4
MP2	pan-cancer	12:3128620:C:T	rs11062461:3128620:C:T	0.82147852063555	3.06571865667235E-08	12p13.33
MP2	pan-cancer	13:71770610:T:G	rs768825:71770610:T:G	-0.462146137364011	1.68271806993652E-09	13q21.33
MP2	pan-cancer	13:71770641:T:C	rs768826	-0.4635291109416	1.50949012255845E-09	13q21.33
MP2	pan-cancer	13:71775458:A:G	rs7992439:71775458:A:G	0.45728710166776	3.5250427415688E-09	13q21.33
MP2	pan-cancer	13:71780111:T:C	rs4883888	0.461251382081666	1.88312457565668E-09	13q21.33
MP2	pan-cancer	13:71780303:A:G	rs7990251	0.449395084809464	5.68596469951792E-09	13q21.33
MP2	pan-cancer	15:52434284:C:G	rs62014721:52434284:C:G	0.544765604133389	1.6849916614992E-08	15q21.2
MP2	pan-cancer	15:52434338:C:G	rs62014722:52434338:C:G	0.544765604133389	1.6849916614992E-08	15q21.2
MP2	pan-cancer	15:52434758:GT:G	rs35448038:52434758:GT:G	0.538955548980422	2.57568631563629E-08	15q21.2
MP2	pan-cancer	15:52436334:C:T	rs4238384	0.522211386346205	9.16826828764521E-09	15q21.2
MP2	pan-cancer	15:52439080:C:T	rs12441074:52439080:C:T	0.53550977717804	7.37250183111168E-09	15q21.2
MP2	pan-cancer	15:52439368:T:G	rs12438274:52439368:T:G	0.554583572101944	1.7977470802798E-08	15q21.2
MP2	pan-cancer	15:52439940:A:C	rs35709612:52439940:A:C	0.546760112375204	1.96263991703337E-08	15q21.2
MP2	pan-cancer	15:52440257:C:CAA	rs373292393:52440257:C:CAA	0.551669505843737	1.64722445642278E-08	15q21.2
MP2	pan-cancer	15:52441524:C:T	rs3794543:52441524:C:T	0.551115706299546	1.50575630145177E-08	15q21.2
MP2	pan-cancer	15:52441686:C:T	rs12438937:52441686:C:T	0.542984205069916	2.27852959883285E-08	15q21.2
MP2	pan-cancer	15:52443107:C:T	rs12593041:52443107:C:T	0.557499583631206	1.00278220885691E-08	15q21.2
MP2	pan-cancer	15:52463485:A:C	rs12595160	0.527858238639594	3.22470522965186E-08	15q21.2
MP2	pan-cancer	16:55070160:G:A	rs12935747:55070160:G:A	0.560461007273241	2.52561424862549E-08	16q12.2
MP2	pan-cancer	16:55070189:G:A	rs12917636:55070189:G:A	0.575410988603051	1.13576301660839E-08	16q12.2
MP2	pan-cancer	16:55070193:T:C	rs12923220:55070193:T:C	0.560461007273241	2.52561424862549E-08	16q12.2
MP2	pan-cancer	16:55070285:G:A	rs12917781:55070285:G:A	0.560091803860106	2.54944165916734E-08	16q12.2
MP2	pan-cancer	16:55070317:G:A	rs34676379:55070317:G:A	0.58333852458342	9.7975617519627E-09	16q12.2
MP2	pan-cancer	16:55070391:G:A	rs34202549:55070391:G:A	0.560461007273242	2.52968252551019E-08	16q12.2
MP2	pan-cancer	16:55070413:G:T	rs35138864:55070413:G:T	0.560461007273242	2.52968252551019E-08	16q12.2
MP2	pan-cancer	16:55071137:G:A	rs35449369:55071137:G:A	0.55984384369204	2.37173915404783E-08	16q12.2
MP2	pan-cancer	16:55071488:G:A	rs17208312	0.562452788850822	1.96866375797796E-08	16q12.2
MP2	pan-cancer	16:55072007:C:A	rs17208368	0.556984865657774	4.47279668060111E-08	16q12.2
MP2	pan-cancer	16:55072356:G:C	rs34435075:55072356:G:C	0.567595547330933	2.03350931402132E-08	16q12.2
MP2	pan-cancer	2:213681386:A:G	rs62188034:213681386:A:G	-0.613281557472946	6.70559565214001E-09	2q34
MP2	pan-cancer	2:57987593:T:C	rs11682175:57987593:T:C	-0.432532509668576	9.36214138504793E-09	2p16.1
MP2	pan-cancer	2:58012833:C:T	rs1568452	-0.429769642524222	1.13327230312238E-08	2p16.1
MP2	pan-cancer	2:58029645:C:A	rs2717066:58029645:C:A	-0.44393082422115	5.95525424093949E-09	2p16.1
MP2	pan-cancer	2:58029698:GA:G	rs67650891:58029698:GA:G	-0.448211095653893	6.28398587602228E-09	2p16.1
MP2	pan-cancer	2:58041936:C:T	rs2717046:58041936:C:T	-0.455867989000687	1.52156324160709E-09	2p16.1
MP2	pan-cancer	20:30311396:A:C	rs45443696:30311396:A:C	-0.473032306195424	2.71822673519393E-08	20q11.21
MP2	pan-cancer	20:30315418:CTCTT:C	rs374727620:30315418:CTCTT:C	-0.473032306195419	2.71770443453115E-08	20q11.21
MP2	pan-cancer	20:30323141:A:G	rs6089054:30323141:A:G	-0.463415699305086	3.82356211789858E-08	20q11.21
MP2	pan-cancer	20:30325765:G:A	rs6087775:30325765:G:A	-0.463415699305086	3.82356211789858E-08	20q11.21
MP2	pan-cancer	20:30325773:A:G	rs6089056:30325773:A:G	-0.471081771245693	2.98921028929839E-08	20q11.21
MP2	pan-cancer	20:30330306:A:G	rs6060915	-0.474753400539692	2.72082794281977E-08	20q11.21
MP2	pan-cancer	20:30330876:G:A	rs4449218:30330876:G:A	-0.471081771245693	2.98921028929839E-08	20q11.21
MP2	pan-cancer	20:30331047:G:A	rs4453755:30331047:G:A	-0.463415699305086	3.82356211789858E-08	20q11.21
MP2	pan-cancer	20:30331922:A:T	rs6060919:30331922:A:T	-0.471081771245693	2.98921028929839E-08	20q11.21
MP2	pan-cancer	20:30333382:T:C	rs6060920:30333382:T:C	-0.471081771245693	2.98921028929839E-08	20q11.21
MP2	pan-cancer	20:30333392:G:A	rs6060921:30333392:G:A	-0.468903700113369	2.71522782096502E-08	20q11.21
MP2	pan-cancer	20:30333909:C:T	rs6060922:30333909:C:T	-0.471081771245693	2.98921028929839E-08	20q11.21
MP2	pan-cancer	20:30336992:A:G	rs6060924:30336992:A:G	-0.463415699305081	3.84171767380852E-08	20q11.21
MP2	pan-cancer	20:30337414:C:G	rs6058449:30337414:C:G	-0.471081771245693	2.98921028929839E-08	20q11.21
MP2	pan-cancer	20:30340663:T:C	rs2376998:30340663:T:C	-0.463415699305096	3.83265904632304E-08	20q11.21
MP2	pan-cancer	20:30341565:A:G	rs6060926:30341565:A:G	-0.4710817712457	3.04097777829525E-08	20q11.21
MP2	pan-cancer	20:30350299:C:T	rs6060931:30350299:C:T	-0.471081771245695	2.87395105910506E-08	20q11.21
MP2	pan-cancer	20:30350545:A:G	rs6060932:30350545:A:G	-0.471081771245692	3.02632172704597E-08	20q11.21
MP2	pan-cancer	20:30351560:T:C	rs28815498:30351560:T:C	-0.471081771245692	3.02632172704597E-08	20q11.21
MP2	pan-cancer	20:30351759:C:T	rs111551598:30351759:C:T	-0.463415699305087	3.8670635353456E-08	20q11.21
MP2	pan-cancer	20:30351903:C:T	rs6060933:30351903:C:T	-0.471081771245704	3.03427560107368E-08	20q11.21
MP2	pan-cancer	20:30354692:C:G	rs6058457:30354692:C:G	-0.471081771245695	3.02724143580119E-08	20q11.21
MP2	pan-cancer	20:30358894:G:C	rs6089067:30358894:G:C	-0.463415699305092	3.85723415322187E-08	20q11.21
MP2	pan-cancer	20:30363645:T:C	rs6060938:30363645:T:C	-0.471081771245692	3.02632172704597E-08	20q11.21
MP2	pan-cancer	20:30367383:C:T	rs6060941:30367383:C:T	-0.471081771245695	3.02724143580119E-08	20q11.21
MP2	pan-cancer	20:30367674:C:T	rs6058462:30367674:C:T	-0.463415699305087	3.8670635353456E-08	20q11.21
MP2	pan-cancer	20:30370566:T:C	rs6087779:30370566:T:C	-0.471081771245698	3.0279371493753E-08	20q11.21
MP2	pan-cancer	20:30372114:G:A	rs6060944:30372114:G:A	-0.471081771245698	3.00994796807199E-08	20q11.21
MP2	pan-cancer	20:30373321:T:A	rs6060945:30373321:T:A	-0.463415699305091	3.85043295596555E-08	20q11.21
MP2	pan-cancer	5:135461956:T:G	rs7709782	0.501896409630742	2.41245313718277E-08	5q31.1
MP2	pan-cancer	5:173798332:C:T	rs74517047:173798332:C:T	0.758629209230055	2.01826924115376E-08	5q35.2
MP2	pan-cancer	5:173803718:GC:G	rs140504627:173803718:GC:G	0.758629209230059	2.08970178145961E-08	5q35.2
MP2	pan-cancer	5:173803721:C:G	rs2381879:173803721:C:G	0.758629209230059	2.08970178145961E-08	5q35.2
MP2	pan-cancer	6:24529992:T:TG	rs35413356:24529992:T:TG	-0.417414343725776	3.23765807031767E-08	6p22.3
MP2	pan-cancer	7:137677804:A:C	rs4728425	-0.674880068421017	1.09839631862056E-08	7q33
MP2	pan-cancer	9:112117428:C:G	rs10979842:112117428:C:G	0.438423319154169	4.95644621524341E-08	9q31.3
MP2	pan-cancer	9:112120264:C:T	rs62576416:112120264:C:T	0.447924456719889	1.93086624540681E-08	9q31.3
MP2	pan-cancer	9:112120719:G:C	rs10816800:112120719:G:C	0.438201423566596	3.30111608763306E-08	9q31.3
MP2	pan-cancer	9:112120785:C:G	rs10816801:112120785:C:G	0.438179928791498	3.85803703746154E-08	9q31.3
