mutational_propensity	cancer_type	gene	variant	Beta_value	Weak	WeakFDR	P	FDR
MP5	pan-cancer	THRAP3	SCNAs	-0.903234201391745	3.50106239663986E-23	1.11210217305031E-22	0.029503809797687	0.079660286453754
MP5	pan-cancer	GNL2	SCNAs	-0.473906614241278	1.884449963136E-40	1.01760298009344E-39	0.028096966728575	0.079660286453754
MP5	pan-cancer	SLFNL1	SCNAs	-0.483389945779335	3.8969019736666E-13	8.41730826311986E-13	0.008611547593911	0.046029388642387
MP5	pan-cancer	PPIH	SCNAs	-0.628599729981353	1.39053589203738E-19	3.9520493773694E-19	0.015722398874011	0.056896983909606
MP5	pan-cancer	TMEM125	SCNAs	-0.587268810532064	3.57025042117335E-06	6.21914589494713E-06	0.02840753751499	0.079660286453754
MP5	pan-cancer	RNF220	SCNAs	-0.592712010389691	5.59477747097457E-41	3.35686648258474E-40	0.02648425541079	0.079660286453754
MP5	pan-cancer	CGREF1	SCNAs	-0.52678486538529	2.92246726269901E-07	5.84493452539802E-07	0.004475679482489	0.043694656485848
MP5	pan-cancer	TTC27	SCNAs	-1.02742783178639	1.49496294953952E-31	5.82610209523999E-31	9.27266168095765E-05	0.002503618653859
MP5	pan-cancer	PEX13	SCNAs	-1.1738748409549	3.0378548820073E-33	1.36703469690328E-32	2.12072299299774E-05	0.001145190416219
MP5	pan-cancer	SMN1	SCNAs	0.649035529334618	5.03968587224208E-06	8.50446990940851E-06	0.015804717752668	0.056896983909606
MP5	pan-cancer	POC5	SCNAs	0.478673198357955	1.72077817846672E-51	1.54870036062005E-50	0.012223583496131	0.052604296223929
MP5	pan-cancer	ARRDC3	SCNAs	0.566467312383225	5.34866385997636E-14	1.20344936849468E-13	0.009376356945671	0.046029388642387
MP5	pan-cancer	CHD1	SCNAs	0.351062024593179	1.48351046425769E-57	2.67031883566384E-56	0.012663997239094	0.052604296223929
MP5	pan-cancer	SLC12A2	SCNAs	0.342198502986323	4.95609059973237E-17	1.21649496538885E-16	0.019747108591371	0.066646491495878
MP5	pan-cancer	C5orf24	SCNAs	0.384679157494537	1.26690705670312E-46	9.77328300885266E-46	0.032169476800318	0.082721511772246
MP5	pan-cancer	HMBOX1	SCNAs	0.336758518330082	1.23703914279282E-53	1.67000284277031E-52	0.006580978828332	0.043694656485848
MP5	pan-cancer	SNURF	SCNAs	0.640630940365642	0.00013560401538	0.000215371083251	0.005341582317918	0.043694656485848
MP5	pan-cancer	PLA2G4F	SCNAs	0.697322333590536	2.41134422992885E-06	4.34041961387193E-06	0.000774726380832	0.013945074854975
MP5	pan-cancer	STRC	SCNAs	1.06311850995405	3.64131276075743E-05	5.95851179033034E-05	0.001796271745095	0.02424966855878
MP5	pan-cancer	SMN2	SCNAs	0.794723674624403	1.98214562867144E-17	5.09694590229798E-17	0.007282442747641	0.043694656485848
MP5	pan-cancer	SERF1A	SCNAs	0.778688793189683	5.88752720945019E-16	1.38228899700135E-15	0.007218645736706	0.043694656485848
MP4	pan-cancer	SGTB	SCNAs	1.00616620425903	1.33767875996548E-09	2.11799136994534E-09	0.002363416329365	0.013288889026875
MP4	pan-cancer	FAM172A	SCNAs	0.393478096947435	2.18125926022848E-72	8.28878518886823E-72	0.000432486186869	0.008217237550504
MP4	pan-cancer	FAM46A	SCNAs	-0.433772712824584	5.20195058418688E-18	9.88370610995508E-18	0.002797660847763	0.013288889026875
MP4	pan-cancer	ZNF143	SCNAs	0.957393577941937	8.43616634488724E-27	2.28981657932654E-26	0.001891448608296	0.013288889026875
MP2	pan-cancer	GPR89A	SCNAs	-0.480790065733919	1.33672622679644E-70	3.90533740769942E-70	0.002352713453313	0.01845022655493
MP2	pan-cancer	NMU	SCNAs	-0.158032549110319	3.54485316120764E-16	5.74112088065151E-16	0.035188117035793	0.087383823972218
MP2	pan-cancer	HUS1B	SCNAs	-0.49498358071998	9.93880610994217E-10	1.42392510613595E-09	0.021288236306855	0.062195043327869
MP2	pan-cancer	SLC20A2	SCNAs	-0.199873198031113	1.94891697468042E-109	8.54084203609948E-109	0.019593321929721	0.060673767416007
MP2	pan-cancer	PCMTD1	SCNAs	-0.45521477297729	2.51083042169681E-62	6.23522888054708E-62	0.000253002926799	0.004712179511634
MP2	pan-cancer	RP1	SCNAs	-0.599076973256169	0.000132442438607	0.000165831288676	0.011942285629694	0.044334526476462
MP2	pan-cancer	CLVS1	SCNAs	-0.362850955884121	1.486555233319E-12	2.30725760171386E-12	0.004196086932493	0.026050706372559
MP2	pan-cancer	CCNE2	SCNAs	-0.234918081736304	1.08737854739116E-62	2.74609158578445E-62	0.001279061263297	0.013808320769988
MP2	pan-cancer	TRHR	SCNAs	-3.92560792934638	0.001082310896385	0.001311092061474	0.009999038665496	0.044334526476462
MP2	pan-cancer	SLURP1	SCNAs	-0.497412856066902	9.31324052280315E-07	1.27309434669511E-06	0.012054902915008	0.044334526476462
MP2	pan-cancer	TOP1MT	SCNAs	-0.232030169277678	8.45180691386369E-127	4.84353550063727E-126	0.002924021546661	0.020276849513917
MP2	pan-cancer	NRBP2	SCNAs	-0.229363903136356	2.28907888217994E-77	7.25686709457045E-77	0.00512218579434	0.030528227334269
MP2	pan-cancer	EPPK1	SCNAs	-0.238997179614851	1.85305548044594E-24	3.36713739739568E-24	0.008666343620273	0.042844114450774
MP2	pan-cancer	EXOSC4	SCNAs	-0.192060243302592	2.07064383735903E-129	1.34141709463694E-128	0.009201420553186	0.042844114450774
MP2	pan-cancer	FADS2	TSS_mehtylatioin	-0.249780083847587	1.12922148632259E-48	1.77664180514754E-46	2.94994950180125E-05	0.013923761648502
MP2	pan-cancer	ARF3	SCNAs	0.298722440218174	8.52286548637916E-185	1.58738369683812E-183	0.016360316459154	0.054170825609197
MP2	pan-cancer	TROAP	SCNAs	0.202586228116722	1.2869430212323E-29	2.42727228055205E-29	0.033375040430547	0.086629660907086
MP2	pan-cancer	SMAGP	SCNAs	0.364347487228764	2.95173061065973E-20	5.11404489521278E-20	0.022872082170018	0.065471912440943
MP2	pan-cancer	RDH5	SCNAs	0.347492208320935	1.21881539700772E-11	1.8343787288298E-11	0.021267694476103	0.062195043327869
MP2	pan-cancer	NOP10	SCNAs	0.494326396499692	4.77513660930788E-84	1.6170348972429E-83	7.613941218041E-05	0.00189079540248
MP2	pan-cancer	SPINT1	SCNAs	0.410132588439077	1.83859697893248E-36	3.80487430362416E-36	0.00033513461415	0.005548339723155
MP2	pan-cancer	TYRO3	SCNAs	1.09210356277007	1.81599166313756E-05	2.37353296322365E-05	0.006179374614841	0.034100993244865
MP2	pan-cancer	HAUS2	SCNAs	0.50631207598961	1.08890396989667E-101	4.26964977670008E-101	0.001297426112616	0.013808320769988
MP2	pan-cancer	EIF3J	SCNAs	0.373502052854233	2.88143955807558E-128	1.78889372563859E-127	0.00682797467884	0.036334579540972
MP2	pan-cancer	SLC38A7	SCNAs	-0.254399577239631	6.611885670113E-66	1.79121993608516E-65	0.033721612970543	0.086629660907086
MP2	pan-cancer	CDH1	TSS_mehtylatioin	-0.580965092207541	3.52942964870169E-13	1.041181746367E-11	0.00039728314947	0.093758823275002
MP2	pan-cancer	C17orf97	SCNAs	-0.210666281466069	2.19780061641547E-58	5.28181115880492E-58	0.011806625131009	0.044334526476462
MP2	pan-cancer	TIMM22	SCNAs	-0.276722166639671	1.27956914314513E-213	6.35519341095415E-212	0.011078594725816	0.044334526476462
MP2	pan-cancer	SLC43A2	SCNAs	-0.373507196399181	5.34587171326017E-35	1.0763984936159E-34	0.010134889176468	0.044334526476462
MP2	pan-cancer	RTN4RL1	SCNAs	-0.518773104738888	9.59250986894393E-06	1.26485307121473E-05	0.008989767328346	0.042844114450774
MP2	pan-cancer	ATP2A3	SCNAs	-0.383164795670606	1.93978758100774E-15	3.1078317158081E-15	0.005936845989859	0.034022694326499
MP2	pan-cancer	MED11	SCNAs	-0.205656455089893	2.32893411485184E-167	2.89175985927437E-166	0.029595212198934	0.078744403886449
MP2	pan-cancer	PLD2	SCNAs	-0.246000900486876	2.25670350031866E-109	9.60710918707087E-109	0.025553567441719	0.070508917570669
MP2	pan-cancer	KIAA0753	SCNAs	-0.252006813601876	6.20128232329628E-156	5.13328370095081E-155	0.01180877046387	0.044334526476462
MP2	pan-cancer	CNTROB	SCNAs	-0.240224857218282	1.81107498891026E-132	1.22659169703467E-131	0.034557745340056	0.087272950096072
MP2	pan-cancer	SLFN5	SCNAs	-0.507481578459367	1.46229531566509E-10	2.15724754489207E-10	0.018270127688191	0.057920192032777
MP2	pan-cancer	MED1	Fusion	0.473751394340839	3.29468197417427E-17	6.58936394834854E-17	0.030211762117608	0.060423524235216
MP2	pan-cancer	FKBP10	SCNAs	-0.442653942083952	1.17502458118136E-09	1.66741583424783E-09	0.019953118143519	0.060673767416007
MP2	pan-cancer	ACLY	SCNAs	-0.234703176607128	8.91318020434763E-141	6.32411357356094E-140	0.014428125369496	0.048858879092155
MP2	pan-cancer	STAT3	SCNAs	-0.468180720640959	3.01609909462952E-74	8.98797530199598E-74	0.002266073939352	0.01845022655493
MP2	pan-cancer	IFI35	SCNAs	-0.472967267822929	6.54959693676421E-26	1.20480239947885E-25	0.001468631595958	0.014588407186517
MP2	pan-cancer	BRCA1	SCNAs	-0.273834932408374	4.21330098744607E-79	1.39507077139881E-78	0.000489406295577	0.007202047518486
MP2	pan-cancer	NPEPPS	SCNAs	-0.228367736061169	3.05892575294965E-178	4.55779937189497E-177	0.017723997116322	0.057410338485478
MP2	pan-cancer	RNFT1	SCNAs	-0.344907609630546	1.23254874228247E-76	3.74795433877731E-76	0.000870032698205	0.01080290600271
MP2	pan-cancer	TANC2	SCNAs	-0.275144692007161	1.40611431476146E-32	2.75672411709812E-32	0.012199433459966	0.044334526476462
MP2	pan-cancer	PSMC5	SCNAs	-0.315856381997788	2.24223331823476E-158	2.08807977760612E-157	0.002993897243666	0.020276849513917
MP2	pan-cancer	LRRC37A3	SCNAs	-0.512896497945517	1.27842685966825E-17	2.11650668989521E-17	0.002117297351187	0.01845022655493
MP2	pan-cancer	CDR2L	SCNAs	-0.687347601516041	9.47514587568396E-37	1.98844610630551E-36	2.44323423529746E-07	7.28083802118642E-06
MP2	pan-cancer	ARMC7	SCNAs	-0.607877505158029	3.32079920468771E-116	1.64933027166156E-115	1.29604512910891E-07	6.43702414124094E-06
MP2	pan-cancer	GGA3	SCNAs	-0.61476199196078	1.6960381704425E-179	2.80788541551036E-178	2.0072231803075E-08	2.99076253865818E-06
MP2	pan-cancer	RNF213	SCNAs	-0.671546067170007	1.10319683961494E-44	2.45337804630786E-44	2.34978839216045E-07	7.28083802118642E-06
MP2	pan-cancer	ARL16	SCNAs	-0.570642954210879	3.27209675323799E-100	1.21885604058115E-99	9.79620013696303E-08	6.43702414124094E-06
MP2	pan-cancer	TYMS	SCNAs	-0.270622399689289	1.01305806554664E-63	2.64816932923596E-63	0.001691712059659	0.015754068555578
MP2	pan-cancer	SMCHD1	SCNAs	-0.249566925654451	6.36761593263453E-113	2.96492116863295E-112	0.011162964661518	0.044334526476462
MP2	pan-cancer	L3MBTL4	SCNAs	-0.390499421333477	1.91230018616983E-12	2.93745080143612E-12	0.003423743605017	0.022179904223804
MP2	pan-cancer	PSMG2	SCNAs	-0.40664682754907	7.40948043890264E-158	6.4941916788029E-157	0.000531694783244	0.007202047518486
MP2	pan-cancer	ROCK1	SCNAs	-0.387928009885349	1.34404950798428E-67	3.70858104980848E-67	0.002858687458433	0.020276849513917
MP2	pan-cancer	NPC1	SCNAs	-0.288303639451533	8.6323870361081E-79	2.79614275734806E-78	0.014153396958569	0.048858879092155
MP2	pan-cancer	B4GALT6	SCNAs	-0.243518993979374	2.58051282895973E-37	5.57241176108695E-37	0.012817107628149	0.045470215157005
MP2	pan-cancer	RNF125	SCNAs	-0.348492395949998	8.26133615873037E-28	1.53867385956353E-27	0.007289388954516	0.037452377731824
MP2	pan-cancer	RPRD1A	SCNAs	-0.313629278205419	1.17067053964394E-191	2.49185586295639E-190	0.000228674901758	0.004712179511634
MP2	pan-cancer	RPL17	SCNAs	-0.193763723308134	1.53628705296812E-116	7.89333692731897E-116	0.023288666841409	0.065471912440943
MP2	pan-cancer	LIPG	SCNAs	-0.265972169230195	1.68813486576509E-14	2.64770626314735E-14	0.02762129174143	0.074828590354055
MP1	pan-cancer	PPIH	SCNAs	-0.282455521249802	7.47506273532009E-72	3.03985884569684E-71	0.007347068381702	0.015725304255572
MP1	pan-cancer	SARS	SCNAs	-0.235239029932449	5.76851193108357E-135	5.86465379660162E-134	0.025810693938136	0.049982613657978
MP1	pan-cancer	TTF2	SCNAs	-0.229370136093894	8.52463733589109E-79	3.85187316658783E-78	0.011625768494696	0.023639062605881
MP1	pan-cancer	PXDN	SCNAs	-0.452507447257358	2.31001194441139E-08	3.86056790709848E-08	0.008499498031357	0.017575233217382
MP1	pan-cancer	CDC42EP3	SCNAs	-0.682099514636719	4.72311129216114E-19	9.44622258432228E-19	2.38994735561419E-06	2.24287367219178E-05
MP1	pan-cancer	PREPL	SCNAs	-0.78131322576657	2.94752591273118E-32	7.49162836152508E-32	8.92144472556477E-06	5.72850661325738E-05
MP1	pan-cancer	ACTR2	SCNAs	-0.628409949054368	6.08835599718167E-61	2.18464538722401E-60	6.37818733860351E-06	4.86336784568518E-05
MP1	pan-cancer	C1D	SCNAs	-0.753654048299918	1.09929137243458E-31	2.68227094874038E-31	5.5672241808171E-06	4.52800900039791E-05
MP1	pan-cancer	MRPS5	SCNAs	-0.455702548603323	2.50350603665572E-89	1.38830789305454E-88	0.000343758828241	0.001364628126355
MP1	pan-cancer	FAM178B	SCNAs	-0.362767914873761	1.7088384698991E-09	2.97826133325272E-09	0.000721406915868	0.002378265869368
MP1	pan-cancer	RANBP2	SCNAs	-0.45820505359565	2.57463507163905E-35	6.82837997260793E-35	0.002610355630002	0.006634653892922
MP1	pan-cancer	SEPT10	SCNAs	-0.393716495544589	9.63995250925684E-41	2.73505629332403E-40	0.001587339226583	0.004503613619607
MP1	pan-cancer	ANAPC1	SCNAs	-0.351417107343129	7.58273183573743E-51	2.43445601042096E-50	0.002705662371938	0.006736547130132
MP1	pan-cancer	POLR1B	SCNAs	-0.348488110284076	3.3656981896832E-81	1.6424607165654E-80	0.002867828643695	0.006997501890616
MP1	pan-cancer	CKAP2L	SCNAs	-0.307680817074114	2.8804174467292E-21	5.9561174322197E-21	0.001799178697557	0.004988631843225
MP1	pan-cancer	TMEM177	SCNAs	-0.337857113302769	1.14753994475094E-58	3.88888536832263E-58	0.007701054180946	0.016198769139232
MP1	pan-cancer	CXCR4	TSS_mehtylatioin	-0.60024402418607	1.77305506736676E-12	7.09222026946703E-12	0.000118951804891	0.000475807219566
MP1	pan-cancer	GALNT5	SCNAs	-0.617088176184919	0.004261930743532	0.005651690768597	0.040554609390848	0.074964580995204
MP1	pan-cancer	GALNT3	SCNAs	-0.227436302730005	1.41313035825905E-19	2.87336506179341E-19	0.006366365851447	0.014121756979574
MP1	pan-cancer	PDK1	SCNAs	-0.469738200093316	7.15667226420355E-25	1.50536899350489E-24	0.000166875219436	0.000754028769302
MP1	pan-cancer	MFSD6	SCNAs	-0.479340516696936	6.69717904074064E-32	1.66746090402114E-31	0.000346749769811	0.001364628126355
MP1	pan-cancer	TRAK1	SCNAs	0.263381957014363	5.7325611396857E-88	3.04074982192024E-87	0.00722079712267	0.015725304255572
MP1	pan-cancer	HEMK1	SCNAs	0.280478559040718	1.45802520212624E-183	3.55758149318802E-182	4.29608330681337E-05	0.000227879201492
MP1	pan-cancer	DOCK3	SCNAs	0.483122673334549	8.75035835822331E-08	1.40466278908322E-07	0.002244160699816	0.005825268199523
MP1	pan-cancer	NEK4	SCNAs	0.397908176586254	5.05510523645514E-113	3.85451774279704E-112	7.14100117522598E-06	5.06788689341273E-05
MP1	pan-cancer	FGF12	SCNAs	-0.421106407786282	4.02297500863303E-16	7.66879611020672E-16	3.07633048259582E-06	2.68080227769065E-05
MP1	pan-cancer	TNK2	SCNAs	-0.531951053941435	2.61852130070518E-42	7.606180921096E-42	1.24937244608952E-06	1.52423438422921E-05
MP1	pan-cancer	MAN2B2	SCNAs	0.252417866472224	9.74794012711013E-103	6.25920366056545E-102	0.004094382460064	0.009794405100545
MP1	pan-cancer	C1QTNF7	SCNAs	0.960565967964683	0.025094947803328	0.031240649306184	0.057403412887614	0.099561027950053
MP1	pan-cancer	WDR19	SCNAs	0.33111092117767	1.84054326297996E-59	6.41560794524443E-59	0.001234228481927	0.003672582312077
MP1	pan-cancer	ITGA2	SCNAs	0.415369404646598	6.38237452991639E-25	1.39044587973179E-24	1.8171829253333E-06	1.84746930742219E-05
MP1	pan-cancer	DHFR	SCNAs	1.07575804311804	1.69247452704221E-39	4.69277027952614E-39	4.31411291216513E-15	2.63160887642073E-13
MP1	pan-cancer	PPIP5K2	SCNAs	0.915724357696413	1.25279408212901E-77	5.45860278641927E-77	5.02973662572045E-18	6.13627868337894E-16
MP1	pan-cancer	CAMK4	SCNAs	1.66281234696749	1.71224777730065E-05	2.61117786038349E-05	0.000154264503195	0.000752810775589
MP1	pan-cancer	SLC22A4	SCNAs	0.610369125912583	3.00606971751706E-27	6.79149084327928E-27	2.44050197351734E-10	9.92470802563718E-09
MP1	pan-cancer	LECT2	SCNAs	4.41777622649456	0.035469755847292	0.043273102133697	0.046796255716263	0.08521109249827
MP1	pan-cancer	HBEGF	SCNAs	1.14149554511916	1.35532973442397E-08	2.29653093888506E-08	3.07391877536394E-05	0.00017272953713
MP1	pan-cancer	PCDHA5	SCNAs	0.944956374113032	5.0479715786742E-05	7.41991003130425E-05	0.000724316478507	0.002378265869368
MP1	pan-cancer	PCDHGA11	SCNAs	1.48229132292577	0.000143455232089	0.000203506259475	0.001202678776918	0.0036681702696
MP1	pan-cancer	TLX3	SCNAs	-1.13837635799069	2.40006350050343E-05	3.61491045754838E-05	0.000575823256839	0.0021953261667
MP1	pan-cancer	BOD1	SCNAs	0.593414079518098	9.67755466682801E-106	6.94506864325305E-105	1.81425855876352E-08	4.426790883383E-07
MP1	pan-cancer	FAM153A	SCNAs	0.568221201382967	8.52051695588287E-08	1.38600409149028E-07	0.000736189086591	0.002378265869368
MP1	pan-cancer	PTCRA	SCNAs	2.4034030128332	0.024780288216678	0.031166960437471	0.037884183952739	0.071105699111295
MP1	pan-cancer	CSMD1	SCNAs	0.427097989610064	7.41841574587852E-09	1.27471369154532E-08	0.000332491896743	0.001364628126355
MP1	pan-cancer	ASAH1	SCNAs	0.275353036012402	7.39533892888822E-169	1.28890192760623E-167	2.53335295209587E-07	3.86336325194621E-06
MP1	pan-cancer	SLC39A14	SCNAs	0.402707199009595	7.10464508824127E-70	2.79602161537237E-69	2.14892696682891E-07	3.7452727136161E-06
MP1	pan-cancer	RHOBTB2	SCNAs	0.333899573012509	8.37768539632955E-116	7.30055441680146E-115	4.91033920208589E-08	9.98435637757465E-07
MP1	pan-cancer	TRIM3	SCNAs	0.546860881813923	7.61693999713535E-68	2.90395837390785E-67	1.37606007602443E-09	4.19698323187452E-08
MP1	pan-cancer	ESRRA	SCNAs	-0.287124217602534	2.82971112607541E-65	1.04613562842788E-64	0.004341725529529	0.009994160652879
MP1	pan-cancer	ARL2	SCNAs	-0.484586218376883	5.16491225943941E-33	1.34067935245023E-32	0.000899419243815	0.002813567890909
MP1	pan-cancer	DPF2	SCNAs	-0.437942125412877	9.70677563550237E-120	9.10943559639453E-119	0.000637674206764	0.002357462218946
MP1	pan-cancer	KCNK7	SCNAs	-0.477708513569154	4.24550865388892E-12	7.61694199668307E-12	0.0021643272406	0.005740172246808
MP1	pan-cancer	BAZ2A	SCNAs	0.212357577359596	1.22781559403548E-115	9.98623349815525E-115	0.028302484072315	0.05395161026285
MP1	pan-cancer	SLC10A1	SCNAs	1.09216610510524	1.0873576930504E-06	1.70073895579678E-06	0.000740771336361	0.002378265869368
MP1	pan-cancer	SLC8A3	SCNAs	1.36810782417139	0.004752312979883	0.006234217027373	0.013837684768684	0.027675369537367
MP1	pan-cancer	RBM25	SCNAs	0.723813961591675	1.07224729599696E-49	3.35420949004178E-49	1.40820518333263E-06	1.56182756696891E-05
MP1	pan-cancer	C14orf178	SCNAs	0.804930661615379	5.35253198907086E-18	1.05324016559136E-17	0.000161925454968	0.000754028769302
MP1	pan-cancer	MAN2A2	SCNAs	-0.156211046034179	4.1616143695839E-138	4.61560866444759E-137	0.048193350566932	0.086464540723025
MP1	pan-cancer	WFIKKN1	SCNAs	0.268957980852343	2.57165847383954E-31	6.15181046683184E-31	0.000222701222194	0.00097034103956
MP1	pan-cancer	TELO2	SCNAs	0.366054698438023	4.17743060214824E-76	1.75740183952443E-75	6.71389435116406E-05	0.000341289629518
MP1	pan-cancer	AMDHD2	SCNAs	0.430444804280397	6.0726882354021E-48	1.85216991179764E-47	1.78029257279653E-05	0.000108597846941
MP1	pan-cancer	ZG16B	SCNAs	0.251670033427502	7.10138341369624E-25	1.50536899350489E-24	7.47721017060894E-06	5.06788689341273E-05
MP1	pan-cancer	HCFC1R1	SCNAs	0.368639126916262	9.0606066596795E-90	5.2637810118138E-89	1.03542707219739E-06	1.40357892008979E-05
MP1	pan-cancer	NOMO1	SCNAs	0.373578321182133	3.38996341416692E-79	1.59067514049371E-78	0.001271391211442	0.003693088757045
MP1	pan-cancer	COQ7	SCNAs	0.268633827471499	2.61842134531542E-186	7.98618510321203E-185	0.002040028208207	0.005530743142249
MP1	pan-cancer	KIAA0100	SCNAs	0.299814258275845	2.65987894525366E-105	1.80280684067192E-104	0.000699074402761	0.002378265869368
MP1	pan-cancer	RHBDL3	SCNAs	0.705153530176528	0.000168344638785	0.000236069493469	0.00433838525311	0.009994160652879
MP1	pan-cancer	CSH2	SCNAs	-2.02436107904655	0.002405465201423	0.003260741717484	0.057941253970932	0.099561027950053
MP1	pan-cancer	GH2	SCNAs	-1.38847128750761	0.001973802671603	0.002705662089163	0.051914441363571	0.091790751396459
MP1	pan-cancer	CACNG1	SCNAs	-0.247226492611583	1.34401027752945E-17	2.60268656918401E-17	0.005181546055692	0.0117064559036
MP1	pan-cancer	CHMP6	SCNAs	-0.4283303917248	7.67884634754761E-83	3.90341356000337E-82	3.1147949318614E-05	0.00017272953713
MP1	pan-cancer	KIAA1755	TSS_mehtylatioin	-1.07712113372342	0.004383730363425	0.008767460726851	0.018331464751011	0.036662929502022
MP1	pan-cancer	TBC1D10A	SCNAs	0.219869964285281	2.05337017441447E-98	1.25255580639283E-97	0.016707052279443	0.032875167388581
MP3	pan-cancer	PBX1	SCNAs	-0.724254442720323	1.88714962304698E-13	2.94867128601091E-13	0.000292794066763	0.000487990111272
MP3	pan-cancer	CGREF1	SCNAs	-0.678331165818535	1.76488966488719E-10	2.32222324327262E-10	2.84904841915472E-05	6.47511004353345E-05
MP3	pan-cancer	CAD	SCNAs	-0.682625617657599	2.05058236781903E-63	5.69606213283065E-63	4.58502919840443E-07	2.27529139036863E-06
MP3	pan-cancer	BIRC6	SCNAs	-1.061997468125	2.05382504737336E-27	3.66754472745244E-27	1.10954549139693E-05	2.77386372849232E-05
MP3	pan-cancer	DBR1	SCNAs	-0.379580571082667	5.52035183673437E-119	2.76017591836719E-118	0.009984635032926	0.011886470277293
MP3	pan-cancer	NCEH1	SCNAs	-0.72767217320574	7.34289783795157E-27	1.22381630632526E-26	5.40284557870553E-06	1.68838924334548E-05
MP3	pan-cancer	MAST4	SCNAs	0.408129578020417	5.6752490423689E-53	1.28982932781111E-52	1.42944000258454E-06	5.10514286637337E-06
MP3	pan-cancer	CCDC125	SCNAs	0.436090944686649	3.9017747319342E-144	2.43860920745887E-143	5.46069933688472E-07	2.27529139036863E-06
MP3	pan-cancer	LNPEP	SCNAs	0.769949572017616	1.26961652136099E-27	2.44157023338653E-27	2.40082197683213E-07	1.50051373552008E-06
MP3	pan-cancer	SPARC	SCNAs	2.54778066280404	0.036719691647257	0.038249678799226	0.063007940134675	0.068486891450734
MP3	pan-cancer	GEMIN5	SCNAs	0.608725794177215	2.98352647663393E-76	9.32352023948104E-76	0.000438549654473	0.000685233835114
MP3	pan-cancer	KIF4B	SCNAs	-1.11426761009829	5.13197695536992E-06	6.10949637544038E-06	0.005348882680308	0.006686103350385
MP3	pan-cancer	HFE	SCNAs	-1.5128248225815	1.20124339536687E-05	1.3650493129169E-05	0.001447056987381	0.002128024981442
MP3	pan-cancer	ZNF704	SCNAs	-0.708008215105535	9.86836796096524E-11	1.37060666124517E-10	0.000266843886048	0.000476506939372
MP3	pan-cancer	POP1	SCNAs	-0.635301156719463	1.87026366367918E-88	6.67951308456849E-88	1.86620651388101E-07	1.50051373552008E-06
MP3	pan-cancer	GSDMC	SCNAs	-0.67695467896545	1.46947810663815E-11	2.16099721564434E-11	6.3699375344589E-06	1.76942709290525E-05
MP3	pan-cancer	EHD4	SCNAs	1.30713748571635	9.52544235618563E-52	1.98446715753867E-51	1.1006845826771E-10	1.37585572834637E-09
MP3	pan-cancer	RNFT1	SCNAs	-0.247526072272036	4.02964103784228E-59	1.00741025946057E-58	0.039909910593585	0.045352171129074
MP3	pan-cancer	UNK	SCNAs	-0.516799183983966	3.69817742712054E-162	3.08181452260045E-161	4.12068515263852E-05	8.58476073466358E-05
MP3	pan-cancer	RNF157	SCNAs	-0.690569459552713	3.59167449778191E-06	4.48959312222738E-06	0.003495571378861	0.004599436024818
MP3	pan-cancer	CCDC137	SCNAs	-0.454599585936382	6.0909535142376E-110	2.537897297599E-109	4.48050480148731E-05	8.61635538747559E-05
MP3	pan-cancer	FOXK2	SCNAs	-0.326985232676978	3.62639845265759E-236	9.06599613164398E-235	0.002696597788874	0.003745274706769
MP3	pan-cancer	CSTF1	SCNAs	-1.02069909635944	1.52618095998944E-197	1.9077261999868E-196	8.31016542796735E-16	2.07754135699184E-14
MP6	pan-cancer	MTIF2	SCNAs	-0.561150567235865	3.88973679037427E-74	2.12167461293142E-73	0.000812095354427	0.003748132405047
MP6	pan-cancer	BCL11A	SCNAs	-0.311931788721921	1.81837390850422E-12	3.51943337129849E-12	0.002367420001983	0.007476063164158
MP6	pan-cancer	PDE4D	SCNAs	0.542095849568593	4.4115200688705E-18	9.45325729043678E-18	8.89942429839641E-05	0.000593294953226
MP6	pan-cancer	MAST4	SCNAs	0.412821049867243	2.47008137977413E-44	7.41024413932238E-44	9.07636699546882E-07	7.77974313897328E-06
MP6	pan-cancer	PIK3R1	SCNAs	0.623035992546494	7.43710903354788E-28	1.94011540005597E-27	2.51367485102832E-06	1.88525613827124E-05
MP6	pan-cancer	FAM169A	SCNAs	0.57494736716499	7.19534427798536E-22	1.71969638020792E-21	6.04316816343016E-07	6.04316816343016E-06
MP6	pan-cancer	POC5	SCNAs	0.697574892087127	3.95121887671275E-93	4.7414626520553E-92	1.90167349494267E-07	2.85251024241401E-06
MP6	pan-cancer	LHFPL2	SCNAs	1.70110736077961	1.77000707145872E-07	2.95001178576453E-07	0.000101456261714	0.000608737570283
MP6	pan-cancer	SNX24	SCNAs	0.654852439834186	3.62057227339821E-50	1.20685742446607E-49	1.25520477222649E-07	2.51040954445299E-06
MP6	pan-cancer	ISOC1	SCNAs	0.735175900552601	3.06865739351384E-44	8.7675925528967E-44	7.63555470073669E-08	2.51040954445299E-06
MP6	pan-cancer	HNRNPA0	SCNAs	1.20007555770367	1.21223190895787E-44	3.82810076513012E-44	4.01785734119066E-07	4.82142880942879E-06
MP6	pan-cancer	PCDHGA5	SCNAs	0.864158841046481	9.86897903580609E-07	1.60037497877937E-06	0.000303982604689	0.001519913023443
MP6	pan-cancer	FABP6	SCNAs	0.636915283127493	0.000510285939734	0.000785055291899	0.007425828238326	0.020252258831799
MP6	pan-cancer	RPS12	SCNAs	-0.293509728229948	7.08598665521459E-60	2.65724499570547E-59	0.008768743431266	0.022874982864173
MP6	pan-cancer	C8orf46	SCNAs	-0.367588440831698	2.43906797817486E-15	5.04634754105145E-15	0.001257992026974	0.004717470101153
MP6	pan-cancer	VCPIP1	SCNAs	-0.363933897193262	1.20892547288592E-99	2.41785094577184E-98	0.000930182747009	0.003986497487181
MP6	pan-cancer	EYA1	SCNAs	-0.666901502817997	0.002495311289004	0.003481829705587	0.021054444211524	0.043560919058326
MP6	pan-cancer	NBN	SCNAs	-0.443371436307332	6.5539226367821E-72	3.27696131839105E-71	0.00024157617705	0.001317688238456
MP6	pan-cancer	GSDMC	SCNAs	-0.310146787555521	4.59696748217672E-10	8.35812269486677E-10	0.009376535090602	0.023131431446014
MP6	pan-cancer	KIFC2	SCNAs	-0.185497891802484	3.35006850932973E-56	1.18237712093991E-55	0.012503232521892	0.02778496115976
MP6	pan-cancer	KLF4	SCNAs	0.321254287339074	2.51458654235994E-14	5.02917308471989E-14	0.024854007395002	0.049708014790003
MP6	pan-cancer	MINPP1	SCNAs	0.243910980010212	4.56325643941218E-65	1.95568133117665E-64	0.046467355947841	0.087126292402201
MP6	pan-cancer	CDHR5	SCNAs	0.52287604283467	0.000609047939203	0.000891289667127	0.034528576109673	0.066829502147754
MP6	pan-cancer	SDHAF2	SCNAs	-0.533515847662751	7.2469300462983E-81	4.8312866975322E-80	0.002071553040069	0.007311363670832
MP6	pan-cancer	NDUFAF1	SCNAs	0.56604389616474	2.33739852491044E-156	7.01219557473132E-155	9.35684563234126E-08	2.51040954445299E-06
MP6	pan-cancer	ERI2	SCNAs	0.356166399460528	9.74038659580414E-80	5.84423195748248E-79	0.00232767411269	0.007476063164158
MP6	pan-cancer	ZP2	SCNAs	0.977412167173168	0.001190013023019	0.001700018604313	0.016570879999218	0.035509028569754
MP6	pan-cancer	TBX6	SCNAs	0.249253922599961	8.54099730857765E-33	2.32936290233936E-32	0.01084883857997	0.025035781338393
MP6	pan-cancer	PRKCA	SCNAs	-0.579825074562997	3.59103594732053E-09	6.15606162397805E-09	0.009638096435839	0.023131431446014
MP6	pan-cancer	MIF4GD	SCNAs	-0.328856842555056	1.33899026426789E-92	1.33899026426789E-91	0.003977670076967	0.011933010230902
MP6	pan-cancer	TNRC6C	SCNAs	-0.571272352042688	7.45201764756767E-22	1.71969638020792E-21	0.001063984226143	0.004255936904572
MP6	pan-cancer	SLC26A11	SCNAs	-0.327501151192683	8.17782960693538E-62	3.27113184277415E-61	0.006028906150185	0.017225446143386
MP1	OV	EPHX1	SCNAs	2.02999982230836	0.033863212002328	0.033863212002328	0.074038753208603	0.074038753208603
MP1	OV	ERP29	SCNAs	0.839088735816167	1.59015224605707E-23	4.7704567381712E-23	0.00051942490688	0.001558274720639
MP1	OV	NCOR2	SCNAs	1.55563311677662	8.86939254719271E-06	1.33040888207891E-05	0.001929576891187	0.00289436533678
MP1	OV	BRCA1	Somatic_Nsy_mutations	0.806565034071091	0.012096486519407	0.012096486519407	0.041098368172031	0.041098368172031
MP1	LUAD	ACACA	TSS_mehtylatioin	-1.41531615606125	0.001847571751539	0.001847571751539	0.057171111507851	0.057171111507851
MP2	BRCA	DCPS	TSS_mehtylatioin	-1.75155323906213	3.89566046867134E-06	2.72696232806994E-05	0.006943174301249	0.048602220108745
MP2	BRCA	BRCA1	Germline_truncation	1.35285089118946	0.000608389792455	0.001825169377365	0.022649270442028	0.067947811326084
MP2	BRCA	BRCA1	SCNAs	-0.480958703351951	3.89064483010469E-35	1.55625793204188E-34	0.001030800327311	0.002061600654622
MP2	BRCA	CDR2L	SCNAs	-1.34392605249875	1.67517681517849E-19	3.35035363035699E-19	1.13968259918179E-05	4.55873039672715E-05
MP2	BRCA	GGT1	TSS_mehtylatioin	-0.707426715782053	0.000479838935683	0.00167943627489	0.037599699492739	0.087732632149724
MP2	BRCA	TUBGCP6	TSS_mehtylatioin	3.45430309301159	0.007261121057811	0.016942615801558	0.029339063927051	0.087732632149724
MP1	BRCA	PXDN	SCNAs	-1.09723267538005	0.00345784564964	0.008644614124099	0.027155412267837	0.067888530669594
MP1	BRCA	POLR1B	SCNAs	-0.829430622936582	3.62705065825316E-15	1.81352532912658E-14	0.003660624127029	0.018303120635143
MP3	BRCA	UNK	SCNAs	-0.857816432438679	2.39864901339482E-54	4.79729802678964E-54	2.1875726947629E-05	4.3751453895258E-05
MP3	BRCA	RNF157	SCNAs	-1.80024708373451	0.037347225182144	0.037347225182144	0.064246842340225	0.064246842340225
MP6	BRCA	PCDHGA5	SCNAs	0.809474698404287	0.000524317684481	0.001572953053443	0.008911888089716	0.026735664269147
MP5	UCEC	POLR3C	SCNAs	-2.04239364656568	1.65615349392389E-12	1.98738419270866E-11	0.004671851009197	0.055747886509286
MP5	UCEC	VPS45	SCNAs	-1.85204877247999	7.82185698945205E-17	1.69865206232052E-15	0.002710008554897	0.055747886509286
MP5	UCEC	TNN	SCNAs	-1.88700371958475	0.006283076508929	0.01027778108744	0.03073219131571	0.065374380619837
MP5	UCEC	ABL2	SCNAs	-1.8553894510568	9.43695590178067E-17	1.69865206232052E-15	0.003752304133471	0.055747886509286
MP5	UCEC	TDRD5	SCNAs	-0.52193332285978	6.89473070847614E-08	3.5458615072163E-07	0.006684188495939	0.055747886509286
MP5	UCEC	EPRS	SCNAs	-1.28581866640287	1.90318981359388E-10	1.37029666578759E-09	0.034503145327136	0.065374380619837
MP5	UCEC	ARID4B	SCNAs	-1.68366459227111	9.9222418294417E-06	2.97667254883251E-05	0.012767498665066	0.065374380619837
MP5	UCEC	ALK	SCNAs	-0.768729510673077	0.000295519803196	0.000531935645752	0.019184986043302	0.065374380619837
MP5	UCEC	MRPL53	SCNAs	-2.44629232597738	0.001959374996459	0.003358928565359	0.02189624614152	0.065374380619837
MP5	UCEC	POLR1A	SCNAs	-2.07578427325862	1.83335851771457E-06	6.00008242161131E-06	0.033753840369795	0.065374380619837
MP5	UCEC	FAHD2B	SCNAs	-1.14350537798542	2.0390837271445E-05	4.58793838607514E-05	0.03214792266581	0.065374380619837
MP5	UCEC	ACTR1B	SCNAs	-2.06305846835288	3.79092656981381E-08	2.27455594188828E-07	0.023009021559464	0.065374380619837
MP5	UCEC	SMC2	SCNAs	2.46607617287494	0.007148931373036	0.010723397059554	0.031401696717629	0.065374380619837
MP5	UCEC	NOP10	SCNAs	1.64616534451699	1.88901820628055E-07	8.50058192826247E-07	0.027788323092895	0.065374380619837
MP5	UCEC	MAPK6	SCNAs	1.2529564292498	1.12308234424873E-11	1.01077410982386E-10	0.007742762015179	0.055747886509286
MP5	UCEC	TCF12	SCNAs	1.28210014842131	3.41561911144091E-07	1.36624764457636E-06	0.013575704170776	0.065374380619837
MP5	UCEC	SMPD3	SCNAs	0.68831325315537	1.18654291697539E-06	4.27155450111142E-06	0.018454997469183	0.065374380619837
MP5	UCEC	NQO1	SCNAs	0.759461676308542	8.6722734200406E-05	0.000171520079135	0.049708551804311	0.085214660235961
MP5	UCEC	APBA3	SCNAs	1.90956603145544	1.58567586901332E-05	4.07745223460568E-05	0.038060853189822	0.068509535741679
MP5	UCEC	RALY	SCNAs	-2.33617622982508	2.01952959750954E-05	4.58793838607514E-05	0.028377399714889	0.065374380619837
MP5	UCEC	CD40	SCNAs	-0.776484493114189	1.13285948049529E-05	3.13714933060235E-05	0.056021267751707	0.091671165411885
MP5	UCEC	OPRL1	SCNAs	-1.10618355032834	3.38529787782703E-05	7.16886609422195E-05	0.014846826873045	0.065374380619837
MP4	UCEC	RAD54L	SCNAs	-0.695819076964595	2.90955466526567E-06	1.00715353797658E-05	0.03782530715604	0.093435512400568
MP4	UCEC	TUFT1	SCNAs	-0.39760785391675	5.79810078359143E-42	5.21829070523229E-40	0.024687439745409	0.069433424283964
MP4	UCEC	THEM4	SCNAs	-0.382086006432074	5.08569690128846E-16	9.15425442231923E-15	0.038412377320234	0.093435512400568
MP4	UCEC	HCN3	SCNAs	-0.592082536771692	1.88439259775548E-07	9.9761961057643E-07	0.030550282086489	0.079415374958703
MP4	UCEC	MSH2	SCNAs	-0.9795040014945	3.13513271296748E-07	1.48506286403723E-06	0.018436390595462	0.057216384606607
MP4	UCEC	MTHFD2	SCNAs	-1.09698155797711	1.27830994406304E-06	4.79366229023638E-06	0.008477571305762	0.038096598674267
MP4	UCEC	HTRA2	SCNAs	-1.3798441339458	1.8369976675001E-12	1.65329790075009E-11	0.003714403944802	0.022286423668811
MP4	UCEC	CYP27A1	TSS_mehtylatioin	-0.546595791231142	4.04766928337098E-16	2.56352387946829E-15	0.001273486521371	0.02419624390604
MP4	UCEC	WFS1	SCNAs	0.714250745036512	7.80957080281784E-09	5.40662594041235E-08	0.008889206357329	0.038096598674267
MP4	UCEC	ZNF518B	SCNAs	1.58597182205752	0.00162944926337	0.004313248050098	0.030883756928384	0.079415374958703
MP4	UCEC	RAB28	SCNAs	1.60167075768187	1.73834155754501E-08	9.77817126119068E-08	0.003049481489092	0.019959607934331
MP4	UCEC	LRBA	SCNAs	1.14852463506102	1.42589016498081E-12	1.60412643560341E-11	0.000753292702272	0.009773101329057
MP4	UCEC	PLRG1	SCNAs	3.47483567253923	0.000537343851551	0.001465483231502	0.006423268496293	0.036130885291651
MP4	UCEC	TRIO	SCNAs	-0.883081822408042	7.94507633691804E-07	3.40503271582202E-06	0.009321729845416	0.03813434936761
MP4	UCEC	IPO11	SCNAs	1.92124037489795	7.78466130117233E-06	2.59488710039078E-05	0.003104827900896	0.019959607934331
MP4	UCEC	POLK	SCNAs	0.730706538282341	3.81774818772005E-13	4.90853338421149E-12	0.000834522119975	0.009773101329057
MP4	UCEC	KLF9	SCNAs	2.71885577815723	0.003443929714635	0.008156675639925	0.013759034080645	0.04762742566377
MP4	UCEC	FRMD3	SCNAs	1.75404207402381	0.004182886940974	0.009411495617191	0.017743678976741	0.05703325385381
MP4	UCEC	FANCC	SCNAs	1.93131491134402	4.50610269482806E-11	3.37957702112104E-10	4.48355265217516E-05	0.001765098057905
MP4	UCEC	PTGES2	SCNAs	1.21908830280257	2.95111957296725E-05	9.158646950588E-05	0.019585831491933	0.0587574944758
MP4	UCEC	TSSC4	SCNAs	2.56164732779352	0.003951962428236	0.00911991329593	0.022902779239909	0.066491939728768
MP4	UCEC	ZNF214	TSS_mehtylatioin	-0.217383692866223	1.07229402266312E-22	1.01867932152996E-21	0.006111845080681	0.058062528266466
MP4	UCEC	CCDC34	SCNAs	0.813666553938691	9.78896483857705E-07	4.00457652487243E-06	0.040677022937088	0.094797864657615
MP4	UCEC	POLR1D	SCNAs	0.961329604047247	9.57875852604235E-16	1.43681377890635E-14	0.01549333908351	0.051644463611701
MP4	UCEC	SLAIN1	SCNAs	0.548356794356741	2.40942476361036E-07	1.20471238180518E-06	0.011571610171144	0.042467532500179
MP4	UCEC	EDNRB	SCNAs	0.882184002196326	0.002024518761794	0.005061296904485	0.041079074684967	0.094797864657615
MP4	UCEC	ATP8B4	SCNAs	1.42092385427559	4.02823383326045E-05	0.000120847014998	0.00173158054593	0.0173158054593
MP4	UCEC	BNIP2	SCNAs	1.90203269144893	7.18737720317991E-07	3.23431974143096E-06	0.002888418119256	0.019959607934331
MP4	UCEC	DIS3L	SCNAs	1.12320127608557	1.90771481167012E-18	5.72314443501036E-17	0.002048282719421	0.018434544474788
MP4	UCEC	ZWILCH	SCNAs	1.6253262683718	9.47277558884886E-06	3.04482072498713E-05	0.008150334056068	0.038096598674267
MP4	UCEC	SNUPN	SCNAs	1.37120208192461	1.01463822046743E-08	6.52267427443346E-08	0.011796536805605	0.042467532500179
MP4	UCEC	DPEP3	SCNAs	-1.23728593912385	0.009500926503707	0.020359128222229	0.030054636674276	0.079415374958703
MP4	UCEC	GAN	SCNAs	1.64032562638222	0.000414908101202	0.001166929034629	0.011149137834001	0.042467532500179
MP4	UCEC	TXNDC17	SCNAs	1.53726483449123	2.34881363155669E-06	8.4557290736041E-06	0.007058908187925	0.037161972808736
MP4	UCEC	ZNF18	SCNAs	1.13817998859455	1.73748481261066E-12	1.65329790075009E-11	0.000868720118138	0.009773101329057
MP4	UCEC	RNF135	SCNAs	1.16299028187897	1.47775746954326E-11	1.20907429326267E-10	0.007432394561747	0.037161972808736
MP4	UCEC	SH3GL1	SCNAs	1.78625220607073	8.06927076969901E-20	3.63117184636456E-18	2.46266646592184E-06	0.000221639981933
MP4	UCEC	GTF2F1	SCNAs	1.55984672039658	6.90498635122194E-18	1.55362192902494E-16	0.000103362193316	0.002325649349612
MP4	UCEC	RRP7A	SCNAs	2.15849351860043	0.000285141634423	0.000827830551551	0.002485380971128	0.019959607934331
MP4	UCEC	TTLL12	SCNAs	1.88033853887136	1.26705387947296E-06	4.79366229023638E-06	0.000353462264586	0.006362320762546
MP4	UCEC	SAMM50	SCNAs	1.97435701932005	1.30554878956677E-08	7.83329273740059E-08	5.88366019301653E-05	0.001765098057905
MP2	UCEC	SNCAIP	SCNAs	-0.558480827881184	0.000231292165815	0.000539681720234	0.038645033244833	0.090171744237944
MP2	UCEC	SORD	SCNAs	-0.542317359509052	5.51042187038567E-09	1.92864765463499E-08	0.031506041091685	0.088216915056717
MP2	UCEC	SPATA5L1	SCNAs	-1.15523466557717	3.69206427031073E-09	1.72296332614501E-08	0.023445638931661	0.082059736260814
MP2	UCEC	ZNF609	SCNAs	-0.837239607098686	3.75965134744488E-16	5.26351188642283E-15	0.012240648461318	0.082059736260814
MP2	UCEC	ESCO1	SCNAs	0.884622457965292	6.20659560577336E-08	1.73784676961654E-07	0.021459903509695	0.082059736260814
MP2	UCEC	PNPLA6	SCNAs	-0.75742270571024	2.01826512107937E-15	1.41278558475556E-14	0.015552144103074	0.082059736260814
MP1	UCEC	TRIT1	SCNAs	-1.35108449708452	1.16578030875509E-13	9.32624247004072E-13	1.80845786465462E-05	0.000289353258345
MP1	UCEC	NASP	SCNAs	-1.6329215974567	8.83103578688044E-06	2.6287734435365E-05	0.002760053300967	0.009297021645363
MP1	UCEC	MKNK1	SCNAs	-1.78924108239159	1.00216389011595E-09	4.27690539335384E-09	0.000885128588684	0.004601470301754
MP1	UCEC	PODN	TSS_mehtylatioin	-0.610194630518797	0.000206115790323	0.00126613985484	0.012196336769456	0.087407080181102
MP1	UCEC	HOOK1	SCNAs	-1.82912665655191	0.012763486094868	0.021496397633463	0.04554285975243	0.076703763793566
MP1	UCEC	FAM98A	SCNAs	-1.29346030049193	5.55085010817077E-09	2.22034004326831E-08	0.015967216668021	0.034052003596566
MP1	UCEC	MSH6	Germline_truncation	-0.860442513280337	4.41048126914292E-09	4.41048126914292E-08	0.001029889679123	0.010298896791233
MP1	UCEC	MSH6	SCNAs	-0.853580518386522	3.73329792072085E-12	2.38931066926135E-11	0.000150285887463	0.001068699644181
MP1	UCEC	XPO1	SCNAs	-1.98740953997242	1.50169505354013E-05	4.00452014277368E-05	0.001339793290969	0.005913570387726
MP1	UCEC	ATOH8	SCNAs	-0.850546414153189	0.003680006092611	0.00703045940081	0.01259671246875	0.029858874000001
MP1	UCEC	BIN1	SCNAs	-0.778403460336612	0.000187395256379	0.00042833201458	0.03620290583754	0.065267210524016
MP1	UCEC	CSRNP3	SCNAs	-0.761475663731397	0.006333756089042	0.011260010824963	0.04358741251795	0.075394443274292
MP1	UCEC	WDR75	SCNAs	-1.37693100055198	6.7167643547997E-07	2.20447650619067E-06	0.004117592431503	0.012257019330987
MP1	UCEC	PGAP1	SCNAs	-1.14229114870354	0.020129515613475	0.03142168290884	0.053192831200182	0.08670622837147
MP1	UCEC	ZNF501	TSS_mehtylatioin	-0.27761774617115	2.45750970327657E-13	5.28364586204463E-12	0.006900505696162	0.074180436233743
MP1	UCEC	SMC4	SCNAs	-1.07132883784694	1.78841128382454E-11	9.5381935137309E-11	1.54975390161815E-05	0.000283383570582
MP1	UCEC	MCF2L2	SCNAs	-1.9655871723477	0.000267626748289	0.000590624547949	0.000969715510798	0.004601470301754
MP1	UCEC	ABCF3	SCNAs	-1.13603681119742	4.95930488741311E-47	6.34791025588877E-45	5.7847428781188E-09	7.40447088399206E-07
MP1	UCEC	EIF4G1	SCNAs	-1.46255868620718	9.15400001362303E-22	2.92928000435937E-20	7.86710634210012E-08	3.35663203929605E-06
MP1	UCEC	LPP	SCNAs	-2.36202742588197	0.004067693059176	0.007545865385138	0.012085732099727	0.029329312182148
MP1	UCEC	LMLN	SCNAs	-2.13465024981305	0.00210936787791	0.004218735755819	0.016227907963989	0.034052003596566
MP1	UCEC	YTHDC1	SCNAs	4.45650574551545	0.000462139909247	0.000969736203011	0.00660445388995	0.017611877039866
MP1	UCEC	BMP2K	SCNAs	2.25079985607867	0.00024226576765	0.000544035408057	0.003533389258771	0.011306845628066
MP1	UCEC	CDS1	SCNAs	0.928647363166848	6.18932869937691E-20	1.32039012253374E-18	2.06768546975574E-06	4.41106233547891E-05
MP1	UCEC	HSPA4L	SCNAs	1.19428111715686	0.019948008789188	0.03142168290884	0.035683018527152	0.065267210524016
MP1	UCEC	SLC7A11	SCNAs	0.678454233009115	2.27117203448448E-05	5.70019647870614E-05	0.005122266579495	0.014253263525552
MP1	UCEC	MAML3	SCNAs	0.926470897869333	2.57214233547013E-06	8.03010290097993E-06	0.004047453128906	0.012257019330987
MP1	UCEC	PLRG1	SCNAs	2.88317994196524	4.87315463963953E-07	1.6414836680891E-06	0.000131498780136	0.000990108462202
MP1	UCEC	KLKB1	SCNAs	1.13897006365713	0.007560751253151	0.013257207676758	0.013054376520953	0.030381094448764
MP1	UCEC	NSUN2	SCNAs	-0.757433503750899	1.38489966473319E-28	8.8633578542924E-27	0.002168736956625	0.007578225445435
MP1	UCEC	ERAP2	SCNAs	1.22203366850242	0.003437537712519	0.006769305033884	0.008159306093055	0.021314105712471
MP1	UCEC	FNIP1	SCNAs	1.5181880466113	8.02038031629377E-08	2.77461805536649E-07	0.000498895761909	0.003192932876215
MP1	UCEC	FBXO38	SCNAs	1.3174472619687	6.7326048500423E-09	2.61143460850126E-08	0.004398952774428	0.012512576780594
MP1	UCEC	CCDC69	SCNAs	1.21653287792212	0.008907243254158	0.015201695153763	0.042362872541984	0.074280105279095
MP1	UCEC	ZBTB12	SCNAs	-0.940627652126834	9.78327395028185E-06	2.84604333099108E-05	0.001564566829615	0.00667548513969
MP1	UCEC	MOCS1	SCNAs	-1.57384143837566	0.014116622484708	0.023466593221333	0.034724144028106	0.065267210524016
MP1	UCEC	ELOVL4	TSS_mehtylatioin	-0.605195820602744	3.86795783615231E-09	3.32644373909098E-08	2.00437465059997E-05	0.000758996027885
MP1	UCEC	MTUS1	SCNAs	0.606482467477034	3.2839185502176E-19	6.0048796346836E-18	5.14220061907457E-05	0.000510484561655
MP1	UCEC	NAT1	SCNAs	0.755493026662059	2.32547364481582E-08	8.50458932961213E-08	0.000237463428181	0.001599753621431
MP1	UCEC	SH2D4A	SCNAs	0.605279791767585	9.6699565044007E-19	1.23775443256329E-17	4.86502231558305E-05	0.000510484561655
MP1	UCEC	CYC1	SCNAs	-0.699332976896473	1.26918889366059E-15	1.24966291068119E-14	0.002070082813623	0.007578225445435
MP1	UCEC	SNAPC3	SCNAs	0.477762888062086	1.9271714845467E-21	4.93355900043954E-20	0.023951408914183	0.048530238425601
MP1	UCEC	FRMD3	SCNAs	1.77120138665856	0.005320237155262	0.009591413463007	0.01549366778623	0.033613380959957
MP1	UCEC	CENPP	SCNAs	3.40580676329976	0.034303600089474	0.051056521063403	0.049875247088275	0.082909501653236
MP1	UCEC	WNK2	SCNAs	1.08297695435015	1.20776715426368E-05	3.43542657212781E-05	0.000794499892236	0.004421564617661
MP1	UCEC	WNK2	TSS_mehtylatioin	-0.58435721113543	7.28953790259364E-10	1.04483376603842E-08	0.001638598152472	0.023486573518767
MP1	UCEC	CORO2A	SCNAs	1.46752499121318	1.33707825610703E-06	4.27865041954251E-06	6.93537745559989E-05	0.000634091653083
MP1	UCEC	ANKS6	SCNAs	2.82675638327456	1.49944389330933E-05	4.00452014277368E-05	0.000618460154546	0.00361955885018
MP1	UCEC	AKNA	SCNAs	1.21047091788515	3.21431537037821E-13	2.42019039652006E-12	1.04145486652868E-06	2.66612445831343E-05
MP1	UCEC	CEL	SCNAs	1.09654118436836	0.004035104500934	0.007545865385138	0.011833781331954	0.029329312182148
MP1	UCEC	MRPS2	SCNAs	2.14723727176906	4.52571162868514E-06	1.37926449636119E-05	0.000957630590023	0.004601470301754
MP1	UCEC	ABCA2	SCNAs	0.926002451202292	1.75739318239627E-05	4.49892654693445E-05	0.009007108227644	0.023058197062769
MP1	UCEC	EXD3	SCNAs	0.897014389359712	1.65963787760951E-11	9.23624557973988E-11	0.000987550460749	0.004601470301754
MP1	UCEC	ZNF214	TSS_mehtylatioin	-0.277162710183742	1.32320438967332E-26	5.68977887559528E-25	3.53021408318607E-05	0.000758996027885
MP1	UCEC	QSER1	SCNAs	0.733800208265989	2.06231002768888E-12	1.38934570286408E-11	0.014366235436593	0.031704795446273
MP1	UCEC	RAD52	SCNAs	-1.17500139602882	9.68286330855779E-05	0.00022951972287	0.024712745843047	0.048530238425601
MP1	UCEC	TDG	SCNAs	0.878056005869159	6.59605240618782E-12	3.83770321814564E-11	0.003680235294115	0.011489515064553
MP1	UCEC	VSIG10	SCNAs	0.916404725553555	6.4509878887412E-12	3.83770321814564E-11	0.001925612297858	0.007469041640176
MP1	UCEC	B3GNT4	SCNAs	1.45906640221674	0.014480218015895	0.023762409051725	0.028557411196983	0.054557442286774
MP1	UCEC	B3GNT4	TSS_mehtylatioin	1.02368144389288	0.000916840618195	0.003942414658238	0.009282960504737	0.079833460340738
MP1	UCEC	KATNAL1	SCNAs	1.13298058138097	0.00011893822201	0.000276801680313	0.020957710496907	0.043267531348452
MP1	UCEC	CEP152	SCNAs	1.60822775465555	0.00032485532824	0.000704770881606	0.00285090262946	0.009356808630021
MP1	UCEC	DNAJA4	SCNAs	0.492335174383332	4.23245095571033E-10	2.08366816281124E-09	0.001662191828427	0.006833199823912
MP1	UCEC	ALPK3	SCNAs	0.498970151814186	0.00351344547164	0.00681395485409	0.054191392732169	0.08670622837147
MP1	UCEC	VPS35	SCNAs	0.814081005486402	3.97517146509347E-15	3.63444248237118E-14	0.002190580792821	0.007578225445435
MP1	UCEC	HSF4	SCNAs	0.736578774009085	7.72676845017427E-09	2.90890106359502E-08	8.41138972797243E-05	0.000717771923454
MP1	UCEC	TSNAXIP1	SCNAs	0.657487810814583	2.6175588628054E-08	9.30687595664141E-08	0.000109622501994	0.000876980015951
MP1	UCEC	DPEP3	SCNAs	-1.4665284369129	0.01486785253131	0.02408968511402	0.024787040935069	0.048530238425601
MP1	UCEC	ZNF18	SCNAs	1.4391478013752	7.73771134723885E-19	1.23775443256329E-17	2.021573193016E-08	1.29380684353024E-06
MP1	UCEC	HS3ST3B1	SCNAs	1.11466011236183	0.000366159066004	0.000781139340809	0.001006571628509	0.004601470301754
MP1	UCEC	MLLT6	SCNAs	1.04666486834335	1.42696245587122E-12	1.01472885750842E-11	0.002136376364076	0.007578225445435
MP1	UCEC	NAGLU	SCNAs	1.40841651306312	7.76745972889565E-11	3.97693938119457E-10	4.26002510260333E-05	0.000510484561655
MP1	UCEC	DCAKD	SCNAs	0.852889947729543	2.81802743750373E-26	1.20235837333493E-24	5.18460882930995E-05	0.000510484561655
MP1	UCEC	RIOK3	SCNAs	-0.782301717187794	8.12270377675571E-10	3.71323601223118E-09	0.0250234041882	0.048530238425601
MP1	UCEC	NFIC	SCNAs	1.24230909152879	1.40736637505542E-05	3.91614991319769E-05	0.000622111677375	0.00361955885018
MP1	UCEC	LONP1	SCNAs	1.72245525066053	1.6426798269194E-05	4.29108199685067E-05	0.001708299955978	0.006833199823912
MP1	UCEC	PGPEP1	SCNAs	-0.648995971777469	1.00239970156731E-09	4.27690539335384E-09	0.036184957046205	0.065267210524016
MP1	UCEC	ZNF536	SCNAs	-1.1821715108955	0.032474393729527	0.048902616439758	0.053796531658487	0.08670622837147
MP1	UCEC	GPATCH1	TSS_mehtylatioin	-1.62686242162004	0.000260856848944	0.001402105563071	0.015755926918436	0.096786408213252
MP1	UCEC	KIR2DS4	Germline_structural_varinat	-0.703672301536142	3.23166079250622E-06	1.61583039625311E-05	0.005311232832935	0.026556164164677
MP1	UCEC	PRNP	SCNAs	-0.771488702313298	6.47463296700221E-05	0.000156368494297	0.004379003454204	0.012512576780594
MP1	UCEC	KIF16B	SCNAs	-1.5020119007454	0.001373703321813	0.002791016272889	0.040525342441302	0.072045053228981
MP1	UCEC	POLR3F	SCNAs	-0.824884975437291	6.65528232453929E-17	7.74432852310026E-16	0.006374695428632	0.017360872656701
MP1	UCEC	SNTA1	SCNAs	-0.584878090849913	9.14141360362384E-19	1.23775443256329E-17	4.03969494082284E-05	0.000510484561655
MP1	UCEC	UCKL1	SCNAs	-1.54505283792627	6.17906253392702E-14	5.27280002895106E-13	4.4596157302222E-07	1.4270770336711E-05
MP1	UCEC	TOM1	SCNAs	0.744649858558079	4.46099608400419E-09	1.84195967339528E-08	0.012144168325421	0.029329312182148
MP1	UCEC	APOL6	SCNAs	0.72450238538386	5.33097080626033E-05	0.000131223896769	0.014052517862121	0.0315565313395
MP1	UCEC	APOL1	SCNAs	0.470635957474635	0.000493185650241	0.00101818972953	0.04553524167105	0.076703763793566
MP1	UCEC	RDH14	SCNAs	-0.79498490008605	8.60158422944202E-16	9.17502317807149E-15	0.013402131731968	0.030633443958783
MP3	UCEC	ODC1	SCNAs	-1.5570093348487	1.77768663534557E-05	4.88863824720031E-05	0.007313700603008	0.023129338385622
MP3	UCEC	C2orf16	SCNAs	-1.20603022508464	6.26214477513469E-06	1.9134331257356E-05	0.000811709143973	0.004960444768726
MP3	UCEC	FAM161A	SCNAs	-2.46581794797839	0.008255069434797	0.015656166169443	0.026750815655709	0.05449240226163
MP3	UCEC	COMMD1	SCNAs	-1.47931370696108	3.48672586146116E-11	2.55693229840485E-10	0.000938262593621	0.005432046594647
MP3	UCEC	ZNF638	SCNAs	-2.29042237649301	1.21516448734922E-05	3.42738701560036E-05	0.011366518948842	0.030524934411496
MP3	UCEC	TTC31	SCNAs	-2.68573214858089	4.92268185392949E-07	1.74675807720079E-06	0.00572130955286	0.021701518993608
MP3	UCEC	ACVR1	SCNAs	-2.20786668564437	0.001530748910899	0.003301615298017	0.044659336791626	0.084698742191014
MP3	UCEC	WDR75	SCNAs	-2.11600637509504	0.000221713265793	0.000552671565641	0.030606472890991	0.061212945781982
MP3	UCEC	TTC14	SCNAs	-2.82022113835195	0.005587429542783	0.010975308030467	0.014042050688975	0.035129619363006
MP3	UCEC	CLCN2	SCNAs	-1.56282675853635	2.87551762120817E-09	1.43775881060409E-08	0.00023064292021	0.002114226768594
MP3	UCEC	MAP3K13	SCNAs	-2.26106156434191	0.010803306367029	0.019806061672887	0.012843048642821	0.033636555969293
MP3	UCEC	UBE2D3	SCNAs	6.05943357967133	5.60894368754679E-08	2.28512520603758E-07	8.58168823985356E-06	0.000243563256155
MP3	UCEC	MAML3	SCNAs	1.96966211856163	5.79017844307108E-05	0.000151647530652	0.005056671149489	0.020601252831251
MP3	UCEC	FAM160A1	SCNAs	3.82828420085168	0.014144475689312	0.025506431570891	0.026016946418668	0.053997435963274
MP3	UCEC	LRRC14B	SCNAs	-1.19840673674216	8.3472674371192E-06	2.48162004887327E-05	0.000594228972004	0.004558352420575
MP3	UCEC	OXCT1	SCNAs	-2.03042111586014	0.005744908791945	0.011086666089719	0.035350279262571	0.068219837173383
MP3	UCEC	ADAMTS6	SCNAs	1.18600645588315	0.000624499698299	0.001431145141935	0.008054768464294	0.024611792529787
MP3	UCEC	MARVELD2	SCNAs	1.34879352466197	1.47323460130334E-12	1.24658312417975E-11	7.11659578112195E-05	0.001118322194176
MP3	UCEC	CCNG1	SCNAs	0.766916652149081	1.14069315064409E-12	1.04563538809042E-11	0.017463501394537	0.040650470918961
MP3	UCEC	CUTA	SCNAs	-1.5757131991094	2.62711406713073E-06	8.4994866877759E-06	0.021366220985004	0.045197775160585
MP3	UCEC	MDGA1	SCNAs	-0.8722397421695	0.000143550023141	0.000367220989429	0.009659408047237	0.027244484235797
MP3	UCEC	FOXP4	SCNAs	-0.982315236305685	3.84252413194908E-10	2.22461923428631E-09	0.00605883794248	0.022215739122428
MP3	UCEC	PHF10	SCNAs	1.43476188176281	5.71827751293496E-07	1.96565789507139E-06	0.02076742337987	0.04479248179972
MP3	UCEC	GTF2E2	SCNAs	0.891295002491367	4.19665823763941E-31	4.61632406140336E-29	0.004142356006429	0.018226366428287
MP3	UCEC	ARC	SCNAs	-0.603136024468023	2.69799304568573E-05	7.23851792744953E-05	0.020655374149714	0.04479248179972
MP3	UCEC	SCRIB	SCNAs	-0.871264252890024	2.15719539878796E-15	3.38987848380965E-14	0.011377475553376	0.030524934411496
MP3	UCEC	CYC1	SCNAs	-1.00644589027408	8.5666373334701E-11	5.5431182745983E-10	0.017738387310092	0.040650470918961
MP3	UCEC	CTNNAL1	SCNAs	3.03704975751638	1.20636737040532E-05	3.42738701560036E-05	0.000102476613226	0.001409053431852
MP3	UCEC	SPTAN1	SCNAs	3.37132518737089	4.29908082323104E-07	1.57632963518471E-06	0.001258993651474	0.00692446508311
MP3	UCEC	ASS1	SCNAs	-1.41384803173695	0.005257730724654	0.010515461449308	0.00735933494088	0.023129338385622
MP3	UCEC	CEL	SCNAs	1.47760888136237	0.003109737551806	0.006334650568493	0.015724245201475	0.03760145591657
MP3	UCEC	EXD3	SCNAs	1.29180296689471	6.40852504408196E-10	3.35684645166198E-09	0.005007902619132	0.020601252831251
MP3	UCEC	PRPF18	SCNAs	-1.63340166276475	3.63336770954027E-09	1.73769760021491E-08	0.008743272111192	0.025309471900818
MP3	UCEC	MPHOSPH8	SCNAs	0.965262780953345	3.18620545005467E-11	2.50344713932867E-10	0.015473577215601	0.03760145591657
MP3	UCEC	SLAIN1	SCNAs	0.642995677567593	1.23875275764931E-07	4.69871735660084E-07	0.014051847745202	0.035129619363006
MP3	UCEC	UGGT2	SCNAs	0.855295242067265	2.26076963557299E-13	2.76316288792255E-12	0.0191000401623	0.042877641180673
MP3	UCEC	BIVM	SCNAs	0.792207927431719	8.54804629101527E-13	8.54804629101527E-12	0.006966460258326	0.023129338385622
MP3	UCEC	MAPK6	SCNAs	1.56682305089111	3.86806870214686E-20	2.12743778618077E-18	5.43232305453057E-07	5.97555535998363E-05
MP3	UCEC	HERC1	SCNAs	2.81139412169919	1.21590552282657E-06	4.05301840942192E-06	0.001827781988113	0.009138909940566
MP3	UCEC	SALL1	SCNAs	0.682207376822886	1.06555491938839E-10	6.51172450737351E-10	0.000621593511897	0.004558352420575
MP3	UCEC	SYCE1L	SCNAs	1.54918065741914	0.000439502147279	0.001050983395666	0.002087600671495	0.009984177124541
MP3	UCEC	CRISPLD2	SCNAs	3.38486478703054	0.002233853544312	0.004725459420661	0.005579438611219	0.021701518993608
MP3	UCEC	GEMIN4	SCNAs	1.68521899087289	4.37530513139936E-14	6.01604455567411E-13	0.00019350996662	0.002089755698411
MP3	UCEC	CYB5D2	SCNAs	1.3003755250214	3.95236234661213E-17	7.24599763545556E-16	0.000153876473139	0.001880712449479
MP3	UCEC	MPRIP	SCNAs	3.99969191047922	9.42455357844875E-08	3.70250319153344E-07	0.000336610543776	0.002848243062716
MP3	UCEC	NF1	SCNAs	2.15795262403598	3.21321115644784E-08	1.35943548926639E-07	0.000208975569841	0.002089755698411
MP3	UCEC	TBC1D3G	SCNAs	1.23082622305401	0.001407920766418	0.003132935085771	0.008411897761927	0.02500834469762
MP3	UCEC	MLLT6	SCNAs	2.45410468787349	2.55068889343914E-08	1.12230311311322E-07	0.000792368712871	0.004960444768726
MP3	UCEC	WIPF2	SCNAs	1.62701378524925	4.54531299895973E-10	2.49992214942785E-09	0.000743330580022	0.004960444768726
MP3	UCEC	UBXN6	SCNAs	2.31604836177786	1.19726421336216E-19	4.38996878232793E-18	6.39129117390609E-06	0.000243563256155
MP3	UCEC	GTF2F1	SCNAs	2.05333226445639	2.78726361601996E-18	7.66497494405489E-17	5.56908653854412E-05	0.001118322194176
MP3	UCEC	GMIP	SCNAs	-1.1391547679484	4.08047950355915E-11	2.80532965869691E-10	0.033885925498347	0.066561639371754
MP3	UCEC	PRNP	SCNAs	-1.56106361734025	0.001424061402623	0.003132935085771	0.007342553893826	0.023129338385622
MP3	UCEC	MOCS3	SCNAs	-1.62402522064215	7.19728766376243E-18	1.58340328602774E-16	6.57143841269205E-05	0.001118322194176
MP3	UCEC	ADRM1	SCNAs	-2.46602037185611	5.30789888676979E-13	5.83868877544677E-12	8.8568456783732E-06	0.000243563256155
MP3	UCEC	TOM1	SCNAs	1.56116142260799	2.0451609754841E-08	9.3736544709688E-08	0.002845026747866	0.01303970592772
MP3	UCEC	TNRC6B	SCNAs	2.84075481451432	4.69534098291354E-06	1.47567859462997E-05	0.001716094749717	0.008989067736614
MP3	UCEC	TBC1D3H	SCNAs	2.06435972152356	0.000552844694549	0.001293891838306	0.006576420462335	0.023129338385622
MP6	UCEC	PDE4DIP	SCNAs	-1.34347158971275	5.12422723444886E-18	7.81444653253451E-17	1.11313973390841E-05	0.000339507618842
MP6	UCEC	OTUD7B	SCNAs	-1.81883610001125	3.77591145920076E-16	4.60661198022492E-15	7.16895900832516E-06	0.000339507618842
MP6	UCEC	HRNR	SCNAs	-1.91063254324894	0.033640466838738	0.054001802030606	0.038960784265031	0.081951994488513
MP6	UCEC	TMEM79	SCNAs	-1.36906058271156	5.04679088002251E-13	3.07854243681373E-12	1.95246659492406E-05	0.000397001540968
MP6	UCEC	ADCY10	SCNAs	-1.20565445384167	2.53060413189176E-07	7.0166750929726E-07	0.000259859868525	0.002641908663339
MP6	UCEC	SLC19A2	SCNAs	-2.43615473485806	0.000257615875895	0.000604406478062	0.00290219062501	0.016093966193236
MP6	UCEC	DDX59	SCNAs	-1.2134355837085	1.39848849687467E-19	4.26538991546776E-18	3.59545165760043E-05	0.000548306377784
MP6	UCEC	KDM5B	SCNAs	-1.33761054960594	1.48590498103507E-13	1.00711337603488E-12	7.44039986093039E-05	0.000907728783034
MP6	UCEC	CDK18	SCNAs	-1.25445556337522	2.52198117871954E-10	1.02560567934595E-09	0.000356372785102	0.003105534270173
MP6	UCEC	HHAT	SCNAs	-1.26084594562059	7.20949318311629E-05	0.000183241285071	0.005284067560888	0.023023437229585
MP6	UCEC	DEGS1	SCNAs	-0.919351797013511	5.65675417816786E-12	2.87551670723533E-11	0.001811195121962	0.01381036280496
MP6	UCEC	JMJD4	SCNAs	-1.48917109697828	1.98576747717027E-08	6.05659080536932E-08	0.009171141674072	0.034964977632398
MP6	UCEC	METTL8	SCNAs	-1.19856954117327	1.27599570133696E-08	4.09661777797655E-08	0.017475933506025	0.053301597193378
MP6	UCEC	SEC24D	SCNAs	1.35528197061572	0.000838536115806	0.001705023435472	0.032843051012711	0.074520651118697
MP6	UCEC	PDGFC	SCNAs	1.62244096373254	0.003089270036923	0.00571046885613	0.032984550495161	0.074520651118697
MP6	UCEC	DCAF13	SCNAs	-0.801849992309656	1.37737829617225E-23	8.4020076066507E-22	0.009854253684417	0.035359380867615
MP6	UCEC	SMC2	SCNAs	1.55230881110004	0.000417542622723	0.000930346714354	0.012456022640051	0.042212076724616
MP6	UCEC	RTN3	SCNAs	-1.25575297415797	3.1974483453682E-11	1.39317392191043E-10	0.025245977672027	0.06581252149184
MP6	UCEC	IKZF4	SCNAs	-1.03288242941329	2.76294452639776E-11	1.29645858546356E-10	0.005113632667437	0.023023437229585
MP6	UCEC	MAGEL2	SCNAs	-0.705078648154022	0.000631390905652	0.001328098111888	0.025893451078757	0.06581252149184
MP6	UCEC	NOP10	SCNAs	1.23696163820871	2.52603009222119E-12	1.40079850568629E-11	0.002776611378769	0.016093966193236
MP6	UCEC	RPAP1	SCNAs	1.38790127117162	5.95964734654437E-10	2.27211555087004E-09	0.005982784233049	0.0243299892144
MP6	UCEC	SPPL2A	SCNAs	1.20771523976572	1.25100923592725E-08	4.09661777797655E-08	0.016562362670219	0.053173901204388
MP6	UCEC	SMPD3	SCNAs	0.255175744671831	4.48182510275007E-14	3.9055904466822E-13	0.04968140119689	0.097760176548718
MP6	UCEC	ZFPM1	SCNAs	1.30117909359369	0.000427044393474	0.000930346714354	0.019346239130507	0.056196218426712
MP6	UCEC	ZC3H18	SCNAs	1.44818263993703	8.91986840226219E-19	1.81370657512665E-17	0.002600497754873	0.016093966193236
MP6	UCEC	APBA3	SCNAs	1.54453257404205	1.12270282674879E-07	3.26118440150838E-07	0.004655471987134	0.023023437229585
MP6	UCEC	ZNF563	SCNAs	-0.731209895231849	1.18939993472733E-14	1.20922326697278E-13	0.035680658116491	0.077732862325211
MP6	UCEC	NCOA3	SCNAs	-1.3582590899086	2.19215950491073E-05	5.81398825215455E-05	0.021367892069832	0.059247337102717
MP6	UCEC	AP1B1	SCNAs	0.893835772701965	1.05027336809379E-13	8.00833443171511E-13	0.03165774532935	0.074520651118697
MP6	UCEC	C22orf46	SCNAs	0.854297342978538	1.00939097564702E-09	3.62193232438049E-09	0.046579014976813	0.094710663786186
MP4	COAD	FAM46B	SCNAs	0.956407154106383	0.000560496275536	0.001441276137093	0.005350691260205	0.013758920383383
MP4	COAD	TDG	SCNAs	0.97460251173992	4.30555239443872E-11	2.58333143666323E-10	0.003381522526757	0.010516485511458
MP4	COAD	MTRF1	SCNAs	-0.606295668926445	2.19371582079818E-35	3.75043658159421E-34	0.000248734249173	0.002238608242561
MP4	COAD	HERC2	Somatic_Nsy_mutations	-2.23124819727845	0.015339571236348	0.023009356854523	0.035376243233471	0.053064364850207
MP4	COAD	SETD1A	Somatic_Nsy_mutations	-2.09627779282682	0.003289696607309	0.009869089821928	0.027453907157801	0.053064364850207
MP4	COAD	PER1	SCNAs	1.3489769554522	0.000114313115622	0.000411527216238	0.002770091563521	0.010516485511458
MP4	COAD	MPRIP	SCNAs	1.58056589598167	1.84909263261319E-07	8.32091684675934E-07	0.001200251050942	0.00720150630565
MP4	COAD	RNF165	SCNAs	0.932204947689168	0.00015826409394	0.00047479228182	0.003505495170486	0.010516485511458
MP4	COAD	CCDC68	SCNAs	0.442504116262981	4.1671517573269E-35	3.75043658159421E-34	4.85034611513047E-07	8.73062300723484E-06
MP4	COAD	EMILIN3	SCNAs	-1.7150041259383	0.008133972832695	0.018301438873565	0.018224097611108	0.041004219624992
MP2	COAD	ZNF846	germline missense	-2.58874225990944	0.040944973645946	0.040944973645946	0.089259529701998	0.089259529701998
MP1	COAD	CLCN2	SCNAs	-0.574050308881398	1.58071714955226E-06	6.32286859820905E-06	0.002873059469769	0.013529136374311
MP1	COAD	BMP1	SCNAs	0.778815717258382	4.974472031769E-06	1.50953729734048E-05	0.008371888403389	0.02391968115254
MP1	COAD	MUC2	Somatic_Nsy_mutations	0.333125401280007	0.012919685319239	0.025839370638478	0.022116954457469	0.044233908914939
MP1	COAD	PPFIBP1	SCNAs	0.584809553548301	5.28338054069168E-06	1.50953729734048E-05	0.012790245567644	0.03197561391911
MP1	COAD	NR2C1	SCNAs	0.709794932254689	4.64015057010177E-16	9.28030114020354E-15	0.001393008314101	0.013529136374311
MP1	COAD	DHRS4L1	SCNAs	0.514765466870037	1.21330257673627E-15	1.21330257673627E-14	0.000136679097276	0.002733581945512
MP1	COAD	ISLR2	SCNAs	-0.65568470677008	0.005487842538264	0.010975685076527	0.019886268727063	0.044191708282363
MP1	COAD	SULT1A2	SCNAs	-0.703787207844204	0.005261649327065	0.010975685076527	0.036606843276011	0.073213686552022
MP1	COAD	SLC16A13	SCNAs	0.564915908452835	1.9973583468597E-14	1.3315722312398E-13	0.002529538402514	0.013529136374311
MP1	COAD	MPRIP	SCNAs	0.906981187257599	1.69633031406801E-07	8.48165157034003E-07	0.003964222358758	0.013529136374311
MP1	COAD	SERPINB4	SCNAs	1.0117983158158	0.022878109892692	0.041596563441257	0.044166928111181	0.080303505656692
MP1	COAD	PROCR	SCNAs	-1.08206796892039	0.000363980525365	0.000909951313412	0.004058740912293	0.013529136374311
MP3	COAD	C2orf54	SCNAs	-0.696362002126559	0.001854757122195	0.003812556306734	0.00668131042793	0.016480565722227
MP3	COAD	DNAJC30	SCNAs	-3.00895019205376	2.22555276853927E-10	1.1763636062279E-09	3.84678583628383E-05	0.000355827689856
MP3	COAD	DBF4	SCNAs	-3.95220298008028	0.005849621654541	0.0108218000609	0.018845071783334	0.036698297683335
MP3	COAD	BMP1	SCNAs	2.71203818362873	2.63369545882728E-05	7.49590245973917E-05	0.000645445855093	0.00341164237692
MP3	COAD	EFR3A	SCNAs	-1.74309895490709	3.46147807364278E-11	2.13457814541305E-10	0.000971571229906	0.004493516938316
MP3	COAD	INPP5F	SCNAs	2.82339199185676	0.000323712619085	0.000798491127076	0.016417778111464	0.034112509193751
MP3	COAD	MUC2	TSS_mehtylatioin	0.191511569478598	3.34605230467705E-08	2.67684184374164E-07	0.01601143527086	0.076938969760419
MP3	COAD	C12orf43	SCNAs	1.68813218960303	7.31178666351146E-14	5.41072213099848E-13	0.004187422411009	0.015609296308837
MP3	COAD	ADPRHL1	SCNAs	-3.02112909393495	0.001372078459666	0.002986288412214	0.004972650396608	0.015609296308837
MP3	COAD	MBIP	TSS_mehtylatioin	-2.02918331831133	0.001294436926172	0.005177747704689	0.019234742440105	0.076938969760419
MP3	COAD	PRSS53	SCNAs	-1.87459972619668	6.0145376946725E-05	0.000158955639073	0.005638825178419	0.016048963969346
MP3	COAD	VKORC1	SCNAs	-3.31879205753435	9.36827249020651E-06	2.88855068448034E-05	0.005062474478542	0.015609296308837
MP3	COAD	ARMC5	SCNAs	-2.29580483756033	6.02865627004863E-06	2.02782074537999E-05	0.004685571523415	0.015609296308837
MP3	COAD	NEURL4	SCNAs	3.30215835723927	2.07354481282624E-06	7.67211580745708E-06	0.000110786892922	0.000683185839685
MP3	COAD	TGIF1	SCNAs	2.88215143805119	8.82634589320982E-09	4.08218497560954E-08	9.55164912644937E-05	0.000683185839685
MP3	COAD	MOCOS	SCNAs	1.32347182381191	5.05982710380866E-25	4.68034007102301E-24	3.0819844901429E-10	3.80111420450957E-09
MP3	COAD	SERPINB4	SCNAs	3.21171824676322	0.028980427975677	0.046620688482611	0.036095272627434	0.066776254360753
MP3	COAD	CRNKL1	SCNAs	-0.676047623737446	1.42108618283007E-45	5.25801887647127E-44	0.006392214682399	0.016480565722227
MP3	COAD	HNF4A	SCNAs	-1.39223763864273	4.36910584982412E-29	8.08284582217462E-28	4.36762749468744E-12	1.61602217303435E-10
MP3	COAD	STK4	SCNAs	-2.16150745772	2.63400645225486E-27	3.24860795778099E-26	8.61897810722634E-11	1.59451094983687E-09
MP3	COAD	SLC7A4	SCNAs	-0.903403334806654	0.026560401559415	0.044669766259016	0.047277803785974	0.083298987622906
MP3	COAD	SFI1	SCNAs	1.47610532918529	2.78229815877892E-08	1.143833687498E-07	0.016595274742906	0.034112509193751
MP3	COAD	EFCAB6	SCNAs	1.8300688423856	0.001315733714883	0.002986288412214	0.015167171335655	0.034112509193751
MP4	STAD	PIGN	SCNAs	0.876051920490363	5.51607775735005E-12	1.10321555147001E-11	0.016796524317891	0.033593048635782
MP1	STAD	BMPR2	Somatic_Nsy_mutations	-2.45166788330023	0.000230591064869	0.000461182129739	0.002272796783864	0.004545593567728
MP1	STAD	ADNP2	SCNAs	0.748592820161542	4.45278273434696E-15	4.45278273434696E-15	0.002022812561038	0.002022812561038
MP3	STAD	SERPINC1	SCNAs	-2.30558459431742	0.029886931340835	0.037358664176044	0.076966892801439	0.096208616001799
MP3	STAD	CRBN	SCNAs	1.98565605113467	7.74454915365645E-10	1.93613728841411E-09	0.002452560905682	0.005421460185919
MP3	STAD	CCDC66	SCNAs	2.53699501984369	8.23405751755687E-05	0.000137234291959	0.003252876111551	0.005421460185919
MP3	STAD	ADNP2	SCNAs	1.35102868182795	1.85910949878038E-13	9.29554749390189E-13	0.001496900249005	0.005421460185919
